Longitude,Latitude,is_population,population_in_25_km_radius,population_in_50_km_radius,population_in_75_km_radius,is_saltmarsh,saltmarsh_in_25_km_radius,saltmarsh_in_50_km_radius,saltmarsh_in_75_km_radius,is_mangrove,mangrove_in_25_km_radius,mangrove_in_50_km_radius,mangrove_in_75_km_radius,is_tidalflat,tidalflat_in_25_km_radius,tidalflat_in_50_km_radius,tidalflat_in_75_km_radius
8.694,53.862,true,101182.5234375,557353.25,1.488210625e6,false,28.63213348388672,58.484657287597656,111.4464111328125,false,0.0,0.0,0.0,false,630.0162963867188,1335.50537109375,1889.39208984375
7.333333,53.7,true,111903.15625,417377.53125,1.183246125e6,false,19.92130470275879,54.52315139770508,115.88670349121094,false,0.0,0.0,0.0,false,276.5665588378906,742.47265625,1513.265380859375
4.883334,52.366668,true,2.3410005e6,5.630215e6,9.121238e6,false,0.0,0.0,1.0039753913879395,false,0.0,0.0,0.0,false,6.235198497772217,20.77254867553711,102.88229370117188
-63.15,17.381,true,4861.7958984375,39807.2578125,97135.3671875,false,0.0,0.0,0.0,false,0.0,0.19672542810440063,0.31147557497024536,false,0.0,0.0,0.0
6.6,52.85,true,349008.21875,1.56869375e6,3.6080485e6,false,0.0,0.0,50.14548873901367,false,0.0,0.0,0.0,false,0.0,0.22250036895275116,446.6963195800781
5.8975,50.9455,true,1.2973985e6,4.04481425e6,8.851078e6,false,0.0,0.0,0.0,false,0.0,0.0,0.0,false,0.0,0.0,0.0
5.9704,52.1508,true,825587.375,3.206039e6,7.158299e6,false,0.0,0.0,0.0,false,0.0,0.0,0.0,false,0.0,0.0,6.69033145904541
14.106008,40.61004,true,232504.34375,3.574646e6,4.942205e6,false,0.0,0.0,0.0,false,0.0,0.0,0.0,false,0.0,0.6096566915512085,1.6373469829559326
-88.7,17.066667,true,39908.94140625,131463.96875,299164.125,false,0.0,0.0,0.0,false,0.0,39.323753356933594,153.34922790527344,false,0.0,0.0,0.0
-59.22,-51.73,true,46.51392364501953,68.61457061767578,408.4222412109375,false,0.0,0.0,0.0,false,0.0,0.0,0.0,false,5.538262367248535,24.430816650390625,63.593284606933594
-80.375481,-2.663256,true,91274.65625,135298.375,1.521305875e6,false,0.0,0.0,0.0,false,42.51811218261719,297.2056579589844,915.3583984375,false,0.0,0.0,0.0
38.7,-5.34,true,262385.21875,858670.5625,1.793396625e6,false,0.0,0.0,0.0,false,4.735714912414551,28.44949722290039,84.18983459472656,false,0.0,67.37210083007812,149.5604705810547
-45.0,47.0,true,0.0,0.0,0.0,false,0.0,0.0,0.0,false,0.0,0.0,0.0,false,0.0,0.0,0.0
-80.5,19.5,true,0.0,262.22900390625,2370.04296875,false,0.0,0.0,0.0,false,0.0,0.04042518138885498,0.8252834677696228,false,0.0,0.0,0.0
20.0,58.0,true,0.0,343.4731140136719,2826.80517578125,false,0.0,0.0,0.0,false,0.0,0.0,0.0,false,0.0,2.9139420986175537,13.574331283569336
26.0995,60.1384,true,832.9368896484375,78292.890625,1.31064375e6,false,3.1065938472747803,29.113061904907227,37.69064712524414,false,0.0,0.0,0.0,false,0.0,0.0,8.876262664794922
121.666667,19.25,true,7231.671875,18996.591796875,20820.076171875,false,0.0,0.0,0.0,false,0.056714676320552826,0.056714676320552826,0.056714676320552826,false,0.0,0.0,0.0
122.137,13.397,true,96970.578125,588393.875,1.234068e6,false,0.0,0.0,0.0,false,27.739500045776367,42.55907440185547,74.83633422851562,false,0.0,0.0,0.0
114.2833,11.0522,true,0.0,0.0,0.0,false,0.0,0.0,0.0,false,0.0,0.0,0.0,false,0.0,0.0,0.0
118.93,10.227,true,15181.748046875,146870.4375,422402.375,false,0.0,0.0,0.0,false,5.1469621658325195,56.460693359375,96.87494659423828,false,0.0,0.0,0.0
120.196,16.275,true,258169.875,3.44081125e6,5.3369445e6,false,0.0,0.0,0.0,false,1.0135352611541748,5.499628067016602,5.8286638259887695,false,0.0,0.0,0.0
126.566,33.227,true,213895.609375,501125.84375,501126.125,false,0.0,0.0,0.0,false,0.0,0.0,0.0,false,0.0,0.0,0.0
168.017,-16.63,true,6708.263671875,23846.77734375,39741.359375,false,0.0,0.0,0.0,false,1.7122490406036377,5.680479526519775,7.822854518890381,false,0.0,0.0,0.0
-61.2872,12.9843,true,61898.3125,104632.0,109958.0078125,false,0.0,0.0,0.0,false,0.050212129950523376,0.20097988843917847,0.8884254097938538,false,0.0,0.0,0.0
-61.355,12.6333,true,9774.01171875,16447.2734375,164627.46875,false,0.0,0.0,0.0,false,0.7963727712631226,0.989214301109314,1.6018588542938232,false,0.0,0.0,0.0
107.73,20.13,true,978.1829223632812,978.1829833984375,994.4135131835938,false,0.0,0.0,0.0,false,0.0,0.0,0.0,false,0.0,0.0,0.0
107.34,17.16,true,85.37724304199219,436406.0625,951752.0,false,0.0,0.0,0.0,false,0.0,0.0,0.07394925504922867,false,0.0,0.0,0.0
103.49,9.31,true,872.8357543945312,872.835693359375,872.835693359375,false,0.0,0.0,0.0,false,0.0,0.0,0.0,false,0.0,0.0,0.0
4.8057,5.5902,true,0.0,228415.53125,498837.34375,false,0.0,0.0,0.0,false,0.0,436.016845703125,1457.6246337890625,false,0.0,102.96954345703125,291.90478515625
119.5,-4.75,true,342769.1875,2.43124e6,3.702172e6,false,0.0,0.0,0.0,false,0.0,2.463634490966797,2.532137393951416,false,0.0,0.0,0.0
-66.5,18.25,true,414807.75,1.83923725e6,3.12778625e6,false,2.3130087852478027,30.49663543701172,46.015541076660156,false,0.040720134973526,24.78122329711914,54.71689987182617,false,0.0,0.0,0.0
-63.109,18.052,true,90511.3515625,104357.46875,109321.78125,false,0.0,0.0,0.0,false,0.008164538070559502,0.008164538070559502,0.008164538070559502,false,0.0,0.0,0.0
-162.0,-17.0,true,0.0,0.0,0.0,false,0.0,0.0,0.0,false,0.0,0.0,0.0,false,0.0,0.0,0.0
-87.913,19.596,true,37223.88671875,56675.22265625,93442.0,false,0.0,0.0,0.0,false,152.6339111328125,729.7003173828125,1285.42333984375,false,0.0,0.0,0.0
-88.288,17.337,true,101941.484375,142964.8125,211327.265625,false,0.0,0.0,0.0,false,91.5022201538086,228.2293243408203,324.46319580078125,false,0.0,0.0,0.0
-85.437,16.014,true,9977.353515625,77085.8125,235491.46875,false,0.0,0.0,0.0,false,1.511451005935669,22.131559371948242,41.06756591796875,false,0.0,0.0,0.0
-105.222222,20.645833,true,441097.0,511756.46875,612898.8125,false,0.0,0.0,0.0,false,2.3054373264312744,2.7625012397766113,7.135571002960205,false,0.0,0.0,0.0
101.8519,2.4069,true,141686.40625,1.44132225e6,4.411812e6,false,0.0,0.0,0.0,false,12.635774612426758,65.06076049804688,133.77374267578125,false,0.0,0.0,0.0
147.7,-18.283333,true,0.0,0.0,0.0,false,0.0,0.0,0.0,false,0.0,0.0,0.0,false,0.0,0.0,0.0
119.1144,-4.8756,true,1589.401611328125,1.241108625e6,3.1133185e6,false,0.0,0.0,0.0,false,0.0,1.830169439315796,14.890151977539062,false,0.0,0.0,0.0
120.7798,21.9483,true,36795.9296875,56287.8125,364674.625,false,0.0,0.0,6.726598739624023,false,0.0,0.0,0.0,false,0.0,0.0,0.0
-81.2079,29.5845,true,148292.421875,490351.59375,1.021470625e6,false,29.140291213989258,69.32735443115234,99.010009765625,false,0.0,0.0,10.673934936523438,false,0.0,0.0,0.0
-157.9868,21.473,true,774155.875,1.0344415e6,1.0344415625e6,false,0.503557562828064,0.767331063747406,0.7673311233520508,false,1.8307706117630005,1.8467708826065063,1.8467707633972168,false,0.0,0.0,0.0
-75.75,10.166667,true,12444.880859375,1.1661455e6,1.41726975e6,false,0.0,0.0,0.0,false,49.14402389526367,136.637939453125,148.40908813476562,false,0.0,0.0,0.0
110.4396,-5.8489,true,4449.509765625,4711.091796875,16388.353515625,false,0.0,0.0,0.0,false,1.8279646635055542,2.3661744594573975,2.3661746978759766,false,0.0,0.0,0.0
114.0453,-7.2025,true,145156.9375,939868.1875,2.650081e6,false,0.0,0.0,0.0,false,3.877389430999756,6.680745601654053,17.90781593322754,false,0.0,0.0,0.0
106.5805,-5.545,true,14385.529296875,18632.73046875,7.8827635e6,false,0.0,0.0,0.0,false,0.0,0.06831791996955872,7.062385082244873,false,0.0,0.0,0.0
126.4983,33.489,true,232898.421875,501129.875,503722.8125,false,0.0,0.0,0.0,false,0.0,0.0,0.0,false,0.0,0.0,0.0
118.9542,-4.7014,true,883.0863037109375,1957.252197265625,1.23810075e6,false,0.0,0.0,0.0,false,0.0,0.0,1.4367774724960327,false,0.0,0.0,0.0
119.4629,-4.7668,true,330972.9375,2.595229e6,3.6681085e6,false,0.0,0.0,0.0,false,0.09409212321043015,2.3523333072662354,2.532137632369995,false,0.0,0.0,0.0
119.2346,-4.8113,true,4316.5908203125,2.241988e6,3.2400795e6,false,0.0,0.0,0.0,false,0.0,1.9071378707885742,10.062261581420898,false,0.0,0.0,0.0
121.774,12.8797,true,5132.47021484375,525485.3125,1.128259625e6,false,0.0,0.0,0.0,false,0.0,6.20941162109375,37.33774948120117,false,0.0,0.0,0.0
121.1023,10.9534,true,43513.64453125,52927.15625,68153.125,false,0.0,0.0,0.0,false,1.256437063217163,1.2564367055892944,1.2564365863800049,false,0.0,0.0,0.0
12.9,54.466667,true,87944.9375,219907.03125,667260.75,false,1.9884427785873413,1.9884425401687622,5.70957612991333,false,0.0,0.0,0.0,false,24.73624038696289,35.30796813964844,51.72126770019531
8.646408,54.456302,true,24368.46484375,254756.875,791961.75,false,54.21846008300781,77.24874877929688,107.63624572753906,false,0.0,0.0,0.0,false,572.350341796875,1231.4376220703125,1906.2637939453125
-81.1420627,7.8010445,true,20871.587890625,188146.703125,334769.5625,false,0.0,0.0,0.0,false,222.29933166503906,231.1670379638672,313.40435791015625,false,0.0,0.0,0.0
-81.7831971,7.3103559,true,64.63417053222656,86.6144027709961,7876.7138671875,false,0.0,0.0,0.0,false,13.155637741088867,13.530107498168945,35.60271453857422,false,0.0,0.0,0.0
-86.7434479,12.8563647,true,71395.328125,773033.375,1.5697745e6,false,0.0,0.0,0.0,false,0.0,96.34524536132812,408.5361328125,false,0.0,0.0,0.0
-87.132311,15.7750233,true,96053.140625,504473.1875,859298.25,false,0.0,0.0,0.0,false,1.4210773706436157,22.543167114257812,32.80967712402344,false,0.0,0.0,0.0
-80.8809186,-5.5448178,true,114435.1875,666282.125,1.05028775e6,true,30.11543083190918,194.68878173828125,194.68878173828125,false,0.2820301055908203,0.2820300757884979,0.2820301055908203,false,0.0,0.0,0.0
-69.6667187,19.1665479,true,93012.171875,504527.0625,2.1771855e6,false,0.0,0.0,0.0,false,42.759307861328125,56.74494934082031,66.44892120361328,false,0.0,0.0,0.0
-76.9670489,21.4414713,true,38957.4921875,198357.6875,698610.8125,false,0.0,0.0,0.0,false,59.5689811706543,102.76437377929688,135.08761596679688,false,0.0,0.0,0.0
-85.1586576,10.102141,true,42125.265625,293768.3125,647984.125,false,0.0,0.0,0.0,false,99.98171997070312,135.35507202148438,152.3667449951172,false,0.0,0.0,0.0
-84.8140026,9.7262165,true,31252.97265625,246619.578125,1.189078875e6,false,0.0,0.0,0.0,false,18.18952178955078,66.58470153808594,178.89968872070312,false,0.0,0.0,0.0
-105.4590828,21.9076305,true,93803.78125,271775.625,664273.5625,false,95.9933853149414,95.99337768554688,95.99337768554688,false,375.80560302734375,720.603759765625,796.628662109375,false,0.0,0.0,0.0
-112.1016487,25.3716987,true,3578.9296875,22788.66015625,98586.734375,false,0.0,0.0,0.0,false,51.2220458984375,113.28315734863281,185.90951538085938,false,0.0,0.0,0.0
-78.9063101,1.283649,true,63188.8125,139619.78125,311257.8125,false,0.0,0.0,0.0,true,231.5632781982422,317.15338134765625,513.0609130859375,false,0.0,0.0,0.0
-80.2448004,-2.6244597,true,91998.9609375,151455.328125,3.47105225e6,false,0.0,0.0,0.0,true,93.14485931396484,568.90966796875,1039.7330322265625,false,0.0,0.0,0.0
-79.6246771,-2.4195025,true,80834.515625,3.082621e6,4.356777e6,false,0.0,0.0,0.0,false,273.34259033203125,808.5352783203125,958.3500366210938,false,0.0,0.0,0.0
-79.9667,-2.2,true,3.2168365e6,3.79752375e6,4.610761e6,false,0.0,0.0,0.0,true,184.74655151367188,729.0001220703125,943.972412109375,false,0.0,0.0,0.0
-79.744,-2.509,true,73987.5,3.0027485e6,4.140278e6,false,0.0,0.0,0.0,true,546.013916015625,887.26123046875,1016.0706787109375,false,0.0,0.0,0.0
-78.186249,2.968728,true,108.16470336914062,8961.69921875,121233.25,false,0.0,0.0,0.0,false,0.0,339.23883056640625,847.8178100585938,false,0.0,0.0,0.0
-74.0657025,11.3067039,true,508108.46875,671145.5,749651.9375,false,0.0,0.0,0.0,false,0.0,20.527257919311523,179.1719970703125,false,0.0,0.0,0.0
-81.7073435,12.5449786,true,76212.125,76216.53125,76216.53125,false,0.0,0.0,0.0,true,1.4164323806762695,1.4164323806762695,1.4164323806762695,false,0.0,0.0,0.0
-78.7903328,1.7876052,true,132473.03125,183056.0,322839.03125,false,0.0,0.0,0.0,false,195.3504638671875,446.68414306640625,676.7830810546875,false,0.0,0.0,0.0
-74.416667,10.866667,true,110747.21875,3.071557e6,3.493713e6,false,0.0,0.0,0.0,false,281.776611328125,420.10443115234375,421.41064453125,false,0.0,0.0,0.0
-77.431,5.84148,true,6695.8818359375,31092.40234375,64988.1796875,false,0.0,0.0,0.0,false,20.306095123291016,43.65740203857422,112.48236846923828,false,0.0,0.0,0.0
-78.2654387,2.4875401,true,74601.359375,125070.921875,179172.1875,false,0.0,0.0,0.0,true,551.2701416015625,768.736328125,941.4188842773438,false,0.0,0.0,0.0
-73.1211249,11.3712304,true,35303.43359375,359778.1875,579915.1875,false,0.0,0.0,0.0,false,1.203977346420288,1.5825084447860718,1.5825086832046509,false,0.0,0.0,0.0
-74.4199072,10.9677291,true,127461.015625,3.0495665e6,3.4452645e6,false,0.0,0.0,0.0,false,189.41734313964844,420.65216064453125,421.41064453125,false,0.0,0.0,0.0
-76.5469069,3.7186564,true,228088.84375,3.478285e6,4.595582e6,false,0.0,0.0,0.0,false,0.0,0.0,144.12135314941406,false,0.0,0.0,0.0
-77.234,6.0208,true,8493.951171875,37186.0234375,173360.046875,false,0.0,0.0,0.0,false,6.577153205871582,22.637710571289062,54.564491271972656,false,0.0,0.0,0.0
-75.5751,6.2074,true,3.69919e6,4.286894e6,4.7338275e6,false,0.0,0.0,0.0,false,0.0,0.0,0.0,false,0.0,0.0,0.0
-68.261944,12.185278,true,19271.216796875,19271.21875,163402.59375,false,0.0,0.0,0.0,false,1.838545322418213,1.8385454416275024,2.703624725341797,false,0.0,0.0,0.0
128.43,-3.1027,true,29794.189453125,185589.296875,1.014244625e6,false,0.0,0.0,0.0,false,0.43721574544906616,15.22726821899414,25.06964683532715,false,0.0,0.0,0.0
4.233333,51.333333,true,1.23825425e6,3.8849465e6,9.591776e6,false,30.866252899169922,40.44773864746094,51.76853942871094,false,0.0,0.0,0.0,false,109.02725219726562,247.6258544921875,302.81585693359375
-62.976667,17.490278,true,14784.138671875,50353.859375,141378.78125,false,0.0,0.0,0.0,false,0.0,0.3033110201358795,0.31147557497024536,false,0.0,0.0,0.0
-63.234722,17.630556,true,2019.986328125,40177.7890625,142451.203125,false,0.0,0.0,0.0,false,0.0,0.008164538070559502,0.311475545167923,false,0.0,0.0,0.0
4.215833,51.771667,true,1.07992275e6,4.293726e6,8.1875965e6,false,12.22514820098877,45.882896423339844,51.371795654296875,false,0.0,0.0,0.0,false,58.12019348144531,254.50088500976562,307.6534423828125
116.785,1.2283,true,39805.62890625,66862.734375,90614.0546875,false,0.0,0.0,0.0,false,0.0,0.0,0.0,false,0.0,0.0,0.0
112.2384,-7.5361,true,2.2599635e6,7.832804e6,2.0643192e7,false,0.0,0.0,0.0,false,0.0,0.0,71.48576354980469,false,0.0,0.0,0.0
5.1511,53.1697,true,37595.7109375,511853.1875,1.4800155e6,false,4.4289937019348145,42.26387405395508,58.617515563964844,false,0.0,0.0,0.0,true,258.67718505859375,491.4360656738281,620.1419677734375
4.883333,52.366667,true,2.34104e6,5.630228e6,9.121224e6,false,0.0,0.0,1.0039753913879395,false,0.0,0.0,0.0,false,6.235198497772217,20.77254867553711,102.88229370117188
124.0,10.25,true,2.7809385e6,4.344412e6,6.004239e6,false,0.0,0.0,0.0,false,28.059707641601562,69.85676574707031,120.45016479492188,false,0.0,0.0,0.0
80.110278,6.147222,true,857775.5,2.060045125e6,4.4560665e6,false,0.0,0.0,0.0,false,1.6135263442993164,1.6562250852584839,1.6562250852584839,false,0.0,0.0,1.509664535522461
105.09085,8.692626,true,181258.03125,711918.9375,1.41216275e6,false,0.0,0.0,0.0,true,446.1476135253906,773.64404296875,804.1640625,false,0.0,0.0,0.0
99.33311,9.14011,true,347584.875,678680.5,1.097428625e6,false,0.0,0.0,0.0,false,30.53615951538086,47.506797790527344,52.85453796386719,false,0.0,0.0,0.0
145.45,15.15,true,1.869828462600708,47352.7109375,47352.7109375,false,0.0,0.0,0.0,false,0.0,0.0,0.0,false,0.0,0.0,0.0
-64.75,18.33,true,76927.625,83493.046875,134196.9375,false,0.08965279161930084,0.08965279161930084,0.6294765472412109,false,0.4971475601196289,0.5867674946784973,3.9505887031555176,false,0.0,0.0,0.0
123.72109,8.434416,true,400847.28125,1.5309125e6,3.4258195e6,false,0.0,0.0,0.0,false,18.51027488708496,48.66730880737305,75.52143096923828,false,0.0,0.0,0.0
-88.390154,16.129827,true,68.84998321533203,59184.27734375,570319.125,false,0.0,0.0,0.0,false,0.6017978191375732,88.39925384521484,103.26275634765625,false,0.0,0.0,0.0
127.7974,-4.8312298,true,0.0,0.0,26.08438491821289,false,0.0,0.0,0.0,false,0.0,0.0,0.0,false,0.0,0.0,0.0
119.54602,-4.735836,true,365196.3125,2.1135675e6,3.750557e6,false,0.0,0.0,0.0,false,0.0,2.463634490966797,2.532137870788574,false,0.0,0.0,0.0
119.48846,-4.743932,true,337822.5625,2.3633135e6,3.67074475e6,false,0.0,0.0,0.0,false,0.0,2.463634967803955,2.532137393951416,false,0.0,0.0,0.0
119.49194,-4.765257,true,350936.375,2.5782985e6,3.7142345e6,false,0.0,0.0,0.0,false,0.0855383351445198,2.463635206222534,2.532137393951416,false,0.0,0.0,0.0
119.49195,-4.982444,true,2.17070025e6,3.09066875e6,3.911616e6,false,0.0,0.0,0.0,false,1.9071378707885742,1.9071378707885742,15.959432601928711,false,0.0,0.0,0.0
101.11758,4.69395,true,1.0049996875e6,1.617232e6,2.168256e6,false,0.0,0.0,0.0,false,0.0,26.707714080810547,416.451904296875,false,0.0,0.0,0.0
-61.0,14.666667,true,351213.40625,370391.0,461984.8125,false,0.0,0.0,0.0,false,15.772634506225586,17.99267578125,18.217567443847656,false,0.0,0.0,0.0
-90.07,29.8,true,696979.5,1.022731375e6,1.41746375e6,false,453.78021240234375,1719.406494140625,3287.9296875,false,0.0,0.0,6.839067459106445,false,0.0,0.0,0.0
-91.55,18.616664,true,51774.5546875,226872.8125,301500.875,false,0.0,2.890868902206421,18.438386917114258,false,106.05528259277344,726.008056640625,1143.769775390625,false,0.0,0.0,0.0
-90.5,-0.5,true,937.537109375,20934.201171875,23994.9921875,false,0.0,0.0,0.0,false,0.9616347551345825,14.561616897583008,24.752622604370117,false,0.0,0.0,0.0
-51.976979,-0.690871,true,1261.5506591796875,7387.1318359375,95627.6640625,false,0.0,0.0,0.0,false,0.0,0.0,0.0,false,0.0,51.023902893066406,90.80265808105469
-51.406,3.704,true,2404.814208984375,27418.55078125,34090.9765625,false,0.0,0.0,0.0,false,0.45410680770874023,61.4725456237793,185.47938537597656,false,8.397086143493652,99.72931671142578,169.43902587890625
-50.203,1.587,true,4.692750930786133,1484.8485107421875,8896.513671875,false,0.0,0.0,0.0,false,393.6775817871094,807.7273559570312,995.0557250976562,false,2.7462689876556396,213.10015869140625,502.7001647949219
36.2833,-18.8333,true,14064.671875,55304.55078125,224275.4375,false,0.0,0.0,0.0,false,267.419189453125,436.3227233886719,538.2400512695312,true,77.70806884765625,159.6374969482422,187.75424194335938
95.1,15.8333,true,76990.2265625,321402.375,1.322282875e6,false,0.0,0.0,0.0,false,485.8823547363281,885.6195678710938,942.53515625,false,0.0,0.0,0.0
-102.5528,23.6345,true,14280.4130859375,54901.4375,432793.03125,false,0.0,0.0,0.0,false,0.0,0.0,0.0,false,0.0,0.0,0.0
39.9568,3.3592,true,132365.65625,520046.5,985946.5,false,0.0,0.0,0.0,false,0.0,0.0,0.0,false,0.0,0.0,0.0
106.8635,10.5083,true,603523.3125,1.3717804e7,1.9510406e7,false,0.0,0.0,0.0,true,453.29901123046875,478.62628173828125,512.4949340820312,false,0.0,0.0,0.0
160.1562,-9.6457,true,45692.3359375,213132.59375,268687.375,false,0.0,0.0,0.0,false,0.0,1.5836259126663208,18.849199295043945,false,0.0,0.0,0.0
-78.9167,20.8333,true,10.433060646057129,547.5804443359375,4839.93359375,false,0.0,0.0,0.0,false,42.785675048828125,84.2459716796875,324.24951171875,false,0.0,0.0,0.0
178.1069,-18.3763,true,20492.91796875,181264.96875,422709.125,false,0.0,0.0,0.0,false,10.919447898864746,19.754926681518555,89.67363739013672,false,0.0,0.0,0.0
40.3648,2.5648,true,43270.5859375,311076.90625,803434.75,false,0.0,0.0,0.0,false,0.0,0.0,0.0,false,0.0,0.0,0.0
-80.555,25.7459,true,831645.125,3.4998335e6,4.7156465e6,false,0.0,21.525943756103516,186.6929473876953,false,0.0,70.56526184082031,1240.633544921875,false,0.0,0.0,0.0
-75.4944,10.4458,true,1.1485675e6,1.34673475e6,1.71336575e6,false,0.0,0.0,0.0,false,19.88334083557129,117.87355041503906,131.269287109375,false,0.0,0.0,0.0
97.640833,8.6525,true,87.93234252929688,87.93234252929688,47788.0234375,false,0.0,0.0,0.0,false,0.0,0.0,23.647850036621094,false,0.0,0.0,0.0
-2.8594,54.084,true,312677.875,1.367743375e6,4.238434e6,false,37.79517364501953,80.84805297851562,80.84805297851562,false,0.0,0.0,0.0,true,303.63116455078125,431.7418212890625,471.907958984375
1.3,52.933333,true,100016.3125,631490.5,1.081387125e6,false,6.025134563446045,33.976356506347656,64.05517578125,false,0.0,0.0,0.0,true,16.221981048583984,46.11493682861328,227.39657592773438
-1.8009,55.6808,true,29033.630859375,99743.6328125,514078.5625,false,3.284080743789673,3.854921340942383,3.9383792877197266,false,0.0,0.0,0.0,false,37.840370178222656,51.483455657958984,70.30779266357422
147.6992,-18.2871,true,0.0,0.0,0.0,false,0.0,0.0,0.0,false,0.0,0.0,0.0,false,0.0,0.0,0.0
38.5126,20.2802,true,0.0,0.0,0.0,false,0.0,0.0,0.0,false,0.0,0.0,0.0,false,0.0,0.0,0.0
109.305785,12.167487,true,578080.625,1.06239875e6,1.577164875e6,false,0.0,0.0,0.0,false,0.0,0.008404185995459557,0.008404185995459557,false,0.0,0.0,0.0
-76.1,37.8,true,6578.1083984375,91742.890625,347424.125,false,31.59239959716797,484.1180725097656,1137.04052734375,false,0.0,0.0,0.0,false,0.0,0.0,0.0
-75.818333,14.525556,true,0.0,0.0,0.0,false,0.0,0.0,0.0,false,0.0,0.0,0.0,false,0.0,0.0,0.0
-88.0333333,16.5666667,true,75.52459716796875,40811.3359375,59731.265625,false,0.0,0.0,0.0,false,1.0035996437072754,53.71662521362305,108.25228881835938,false,0.0,0.0,0.0
-88.3713,16.5212,true,31143.2734375,40238.3828125,77383.953125,false,0.0,0.0,0.0,false,34.69782638549805,95.09210205078125,126.92615509033203,false,0.0,0.0,0.0
98.7784,7.7407,true,3334.18017578125,544876.9375,1.186518e6,false,0.0,0.0,0.0,false,4.142646789550781,278.48284912109375,512.62939453125,false,0.0,0.0,0.0
-87.167,20.5536,true,336274.9375,415006.0,803756.875,false,0.0,0.0,0.0,false,7.507012367248535,73.60527038574219,220.07980346679688,false,0.0,0.0,0.0
-60.9789,13.9094,true,179237.0,179237.0,294309.75,false,0.0,0.0,0.0,false,1.5509169101715088,1.5509170293807983,14.093557357788086,false,0.0,0.0,0.0
8.4689,60.472,true,8947.4130859375,23897.46484375,48391.5546875,false,0.0,0.0,0.0,false,0.0,0.0,0.0,false,0.0,0.0,0.0
-97.052684,27.836461,true,40066.67578125,380243.25,448561.0,false,30.839385986328125,147.67453002929688,211.12741088867188,false,0.0,0.0,0.0,false,0.0,0.0,0.0
-156.6385,21.0139,true,80879.34375,158780.34375,162279.296875,false,0.2724430561065674,0.8172467947006226,0.8172467350959778,false,0.3605763614177704,4.085715293884277,4.406145095825195,false,0.0,0.0,0.0
-157.806,21.262,true,727888.5,1.02876775e6,1.035557e6,false,0.6954529881477356,0.7673310041427612,0.767331063747406,false,1.4552899599075317,1.8467706441879272,2.287360429763794,false,0.0,0.0,0.0
-157.6938,21.269,true,538633.75,978086.375,1.040061125e6,false,0.5035748481750488,0.7274249196052551,1.1598575115203857,false,0.34384894371032715,1.8068492412567139,5.467564105987549,false,0.0,0.0,0.0
-157.694444,21.271389,true,541027.1875,978516.125,1.039899e6,false,0.5035749077796936,0.7274249196052551,1.159857988357544,false,0.3518480658531189,1.8068491220474243,5.467563629150391,false,0.0,0.0,0.0
119.8675,8.953333,true,0.0,0.0,0.0,false,0.0,0.0,0.0,false,0.0,0.0,0.0,false,0.0,0.0,0.0
99.6519,6.6487,true,9786.8037109375,344157.75,693158.875,false,0.0,0.0,0.0,false,17.949254989624023,344.48590087890625,578.0248413085938,false,0.0,0.0,0.0
98.7818,8.0481,true,115138.2890625,680383.25,1.4694275e6,false,0.0,0.0,0.0,true,74.53720092773438,436.3174133300781,578.9180297851562,false,0.0,0.0,0.0
99.666,9.6583,true,0.0,89452.578125,577126.25,false,0.0,0.0,0.0,false,0.04233887046575546,10.990758895874023,53.116615295410156,false,0.0,0.0,0.0
97.8776,9.4511,true,3.6494333744049072,60.251670837402344,51074.7421875,false,0.0,0.0,0.0,false,0.0,0.0,240.89187622070312,false,0.0,0.0,0.0
99.0992,7.4704,true,20304.470703125,170958.203125,725731.625,false,0.0,0.0,0.0,false,40.987037658691406,319.27484130859375,559.6304321289062,false,0.0,0.0,0.0
102.2693,12.1247,true,35672.34765625,252137.125,658606.8125,false,0.0,0.0,0.0,false,60.565101623535156,283.12908935546875,345.6974792480469,false,0.0,0.0,0.0
97.6467,8.6579,true,87.93234252929688,87.93234252929688,49883.0234375,false,0.0,0.0,0.0,false,0.0,0.0,25.582048416137695,false,0.0,0.0,0.0
101.4654,12.5733,true,166198.5625,871938.6875,1.933790125e6,false,0.0,0.0,0.0,false,0.7371943593025208,33.973724365234375,105.62305450439453,false,0.0,0.0,0.0
98.3019,8.1106,true,492666.0,939424.875,1.1554955e6,false,0.0,0.0,0.0,false,51.691219329833984,241.39010620117188,340.40338134765625,false,0.0,0.0,0.0
-59.4876,13.0801,true,264831.375,280693.0,280693.0,false,0.0,0.0,0.0,false,0.13382288813591003,0.13382285833358765,0.13382288813591003,false,8.970836639404297,11.653169631958008,11.653169631958008
-86.8755,20.8478,true,12137.673828125,1.06006725e6,1.103954125e6,false,0.0,0.0,0.0,false,65.56449127197266,126.22308349609375,239.68109130859375,false,0.0,0.0,0.0
-87.024722,20.293611,true,75327.25,387011.6875,405056.21875,false,0.0,0.0,0.0,false,12.08497428894043,57.90534210205078,238.349853515625,false,0.0,0.0,0.0
-170.6950175,-14.3064071,true,45074.05078125,45074.046875,45074.046875,false,0.0,0.0,0.0,false,0.25793197751045227,0.25793197751045227,0.25793197751045227,false,0.0,0.0,0.0
-68.2937,12.1717,true,19271.21875,19271.21875,196797.15625,false,0.0,0.0,0.0,false,1.8385454416275024,1.838545560836792,2.703624963760376,false,0.0,0.0,0.0
-75.6281,9.4124,true,123955.5625,906065.625,1.668482625e6,false,0.0,0.0,0.0,false,59.42192077636719,127.65458679199219,182.08224487304688,false,0.0,0.0,0.0
-77.2924,5.6797,true,11053.556640625,44422.37890625,223383.8125,false,0.0,0.0,0.0,false,21.400161743164062,93.52642822265625,144.87042236328125,false,0.0,0.0,0.0
165.618042,-20.904305,true,555.1409912109375,9121.3466796875,17148.66015625,false,0.0,0.0,0.0,false,0.40888381004333496,10.404520034790039,30.970306396484375,false,0.0,0.0,0.0
164.7,-20.96667,true,8143.09033203125,15789.953125,32534.052734375,false,0.0,0.0,0.0,false,60.737281799316406,76.84259796142578,115.40927124023438,false,0.0,0.0,0.0
-65.56805,18.348611,true,90385.8671875,758797.125,1.823972e6,false,3.1791553497314453,20.00851058959961,27.201406478881836,false,14.879154205322266,39.19452667236328,43.20444107055664,false,0.0,0.0,0.0
-64.618103,18.436539,true,34169.55078125,83794.65625,85948.359375,false,0.032600417733192444,0.08965279161930084,0.10598061978816986,false,0.2607162296772003,1.2129898071289062,1.253748893737793,false,0.0,0.0,0.0
104.61375,-2.391635,true,75233.9375,165914.625,2.702332e6,false,0.0,0.0,0.0,false,183.34671020507812,896.732666015625,1329.2333984375,false,0.0,0.0,0.0
103.015,5.775,true,2106.757080078125,250633.9375,827673.3125,false,0.0,0.0,0.0,false,0.0,5.365686893463135,5.741898536682129,false,0.0,0.0,0.0
48.5,30.25,true,147337.96875,519416.5,2.26619075e6,false,0.0,0.0,0.0,false,0.0,0.0,0.0,false,9.402750968933105,442.6270446777344,971.0066528320312
100.04,6.0625333,true,3.548989772796631,918975.875,2.0338675e6,false,0.0,0.0,0.0,false,0.0,49.277137756347656,273.1446533203125,false,0.0,0.0,0.0
-78.339386,18.311018,true,124363.6015625,318564.59375,521597.40625,false,0.0,0.0,0.0,false,9.956905364990234,13.317209243774414,25.32574462890625,false,0.0,0.0,0.0
-83.583333,43.916667,true,10652.6708984375,180573.03125,553006.125,false,0.0,0.0,0.0,false,0.0,0.0,0.0,false,0.0,0.0,0.0
122.877,11.323,true,570915.0,1.885917e6,4.218037e6,false,0.0,0.0,0.0,false,16.87847900390625,28.01248550415039,40.88047790527344,false,0.0,0.0,0.0
-81.24,24.68,true,17647.12890625,24834.853515625,58749.3984375,false,11.763580322265625,19.56024932861328,46.267478942871094,false,55.36700439453125,121.87042999267578,538.0877685546875,false,0.0,0.0,0.0
-69.683,18.448,true,2.13707775e6,5.208396e6,6.011855e6,false,0.0,0.0,0.0,false,0.0,1.1156738996505737,15.423583984375,false,0.0,0.0,0.0
39.344444,-6.155,true,1.09799425e6,1.3005455e6,4.13582175e6,false,0.0,0.0,0.0,false,30.190736770629883,42.663543701171875,82.68389892578125,false,131.56826782226562,241.23947143554688,398.5635986328125
39.729,-4.022,true,1.749392625e6,2.4555905e6,2.9292615e6,false,0.0,0.0,0.0,false,34.24372863769531,46.47534942626953,76.51921081542969,false,52.88987731933594,76.2904281616211,107.5537109375
124.65,1.666667,true,5155.3974609375,964103.5,1.694838625e6,false,0.0,0.0,0.0,false,16.59003448486328,53.35939025878906,59.15283966064453,false,0.0,0.0,0.0
79.8472222,7.1536111,true,2.4942115e6,6.337439e6,8.886342e6,false,0.0,0.0,0.0,false,0.6644769310951233,8.998634338378906,9.534676551818848,false,1.3969532251358032,5.943479061126709,18.53807830810547
145.7703,-16.9225,true,174588.578125,207362.6875,239936.59375,false,9.64120864868164,10.207015991210938,12.273269653320312,false,45.84761428833008,52.047462463378906,68.62141418457031,false,0.0,0.0,0.0
117.92067,24.438543,true,3.58791125e6,6.1662575e6,9.238202e6,true,83.48117065429688,93.57649993896484,135.7926025390625,false,0.26579782366752625,0.26579785346984863,0.3828880488872528,false,0.0,0.0,0.0
113.6333,22.7667,true,4.592037e6,2.4718544e7,5.303754e7,true,453.23297119140625,930.3929443359375,1003.5325927734375,false,0.0,1.990909457206726,6.6110124588012695,false,0.0,0.0,0.0
122.32209,11.575564,true,517379.5,1.29394075e6,2.3764625e6,false,0.0,0.0,0.0,false,2.5396103858947754,5.399100303649902,25.053462982177734,false,0.0,0.0,0.0
72.619218,21.336988,true,2.65056875e6,7.567056e6,1.15672e7,false,0.0,0.0,0.0,false,36.073814392089844,62.44933319091797,97.61072540283203,true,258.94439697265625,698.7677001953125,1356.959716796875
72.245543,21.771243,true,954945.6875,1.771263875e6,3.682594e6,false,0.0,0.0,0.0,false,18.924043655395508,44.9727783203125,80.17384338378906,true,369.54052734375,1277.936279296875,2020.4267578125
72.866841,22.233232,true,1.25917125e6,6.234252e6,9.955006e6,false,0.0,0.0,0.0,false,0.0,0.46208563446998596,25.87281036376953,true,158.02731323242188,783.5535278320312,1526.518310546875
68.496712,23.602057,true,26951.283203125,112689.109375,235940.09375,false,0.0,0.0,0.0,false,42.568511962890625,129.67855834960938,204.66062927246094,false,474.01348876953125,1133.752685546875,1465.855712890625
72.680006,21.462605,true,74847.9765625,8.30249e6,1.1695485e7,false,0.0,0.0,0.0,false,27.97311782836914,59.717777252197266,91.69058990478516,false,336.729736328125,808.3046264648438,1522.991455078125
73.785614,22.958684,true,1.085950125e6,4.559546e6,9.050744e6,false,0.0,0.0,0.0,false,0.0,0.0,0.0,false,0.0,0.0,0.0
72.71301,21.139172,true,6.7028435e6,8.296419e6,1.1663358e7,false,0.0,0.0,0.0,false,28.636228561401367,63.12470245361328,73.4110107421875,true,187.7137908935547,504.22503662109375,973.0267333984375
-0.786,37.7702,true,383625.375,1.4128235e6,2.42957725e6,false,3.705235481262207,26.017822265625,32.188751220703125,false,0.0,0.0,0.0,false,2.0438060760498047,5.944896697998047,6.255292892456055
-64.75,32.333333,true,64031.0,64030.99609375,64031.0,false,0.0,0.0,0.0,false,0.11613532900810242,0.11613532900810242,0.11613533645868301,false,0.0,0.0,0.0
39.501369,-4.438543,true,255801.125,1.510176375e6,2.8018405e6,false,0.0,0.0,0.0,false,38.141075134277344,111.4142837524414,202.54934692382812,false,33.96705627441406,122.52735137939453,289.4728088378906
89.42,22.05,true,25763.01171875,812146.25,4.509952e6,false,0.0,0.0,0.0,true,1373.3431396484375,4327.087890625,5383.3525390625,false,0.0,0.0,0.0
39.363889,-7.773889,true,27023.0390625,269652.6875,479912.53125,false,0.0,0.0,0.0,false,222.1663055419922,365.47625732421875,489.6249694824219,false,158.1402587890625,324.83758544921875,501.1562194824219
38.85,-5.4,true,144940.90625,829257.5,1.583714625e6,false,0.0,0.0,0.0,false,14.668434143066406,46.9743537902832,101.54200744628906,false,19.20562171936035,107.54759979248047,200.68826293945312
25.0,-30.0,true,913.0843505859375,23252.97265625,47073.4453125,false,0.0,0.0,0.0,false,0.0,0.0,0.0,false,0.0,0.0,0.0
36.25,-18.75,true,21941.013671875,77303.90625,246371.15625,false,0.0,0.0,0.0,false,275.6659240722656,453.1719665527344,548.3831787109375,false,81.1939468383789,160.599609375,187.53482055664062
107.869912,16.319709,true,265876.1875,1.9012075e6,2.88440125e6,false,0.0,0.0,0.0,false,0.01646590605378151,0.01646590605378151,0.06582751870155334,false,0.0,0.0,0.0
107.4973,16.6202,true,769658.5,1.30514175e6,1.637477125e6,false,0.0,0.0,0.0,false,0.049361616373062134,0.06582751870155334,0.06582752615213394,false,0.0,0.0,0.0
106.33,10.31,true,1.65117825e6,5.050855e6,1.7504888e7,false,0.0,0.0,0.0,false,0.0,14.559648513793945,427.3945007324219,false,0.0,0.0,0.0
105.98,20.25,true,1.612086375e6,5.928678e6,1.115889e7,false,0.0,0.0,0.0,false,0.0,24.28021240234375,73.98500061035156,false,0.0,0.0,0.0
45.138333,-12.843056,true,305579.9375,305587.0,305587.0,false,0.0,0.0,0.0,false,6.705994129180908,6.705994129180908,6.705992698669434,false,23.15337562561035,23.505264282226562,23.505264282226562
109.23736,13.83231,true,712529.375,1.209294e6,1.78379225e6,false,0.0,0.0,0.0,false,0.025005508214235306,0.12492968887090683,0.9070270657539368,false,0.0,0.0,0.0
109.24315,13.803283,true,700486.5,1.21332e6,1.7479235e6,false,0.0,0.0,0.0,false,0.025005508214235306,0.12492968887090683,0.9070273041725159,false,0.0,0.0,0.0
12.3,44.92,true,96397.96875,457616.125,2.44400375e6,false,117.74365997314453,202.9976348876953,309.9668273925781,false,0.0,0.0,0.0,false,68.41181945800781,124.79283905029297,214.47750854492188
76.25,10.03,true,3.7496165e6,7.43284e6,1.2354714e7,false,0.0,0.0,0.0,false,4.811258316040039,4.954925537109375,5.047780513763428,true,95.12928771972656,111.42872619628906,128.6413116455078
153.37,-29.43,true,18962.046875,38118.5625,155786.78125,false,5.578516483306885,11.533546447753906,13.895773887634277,false,5.512013912200928,5.981480598449707,9.335652351379395,false,0.0,0.0,0.0
151.78,-32.9,true,415530.15625,696188.0625,926919.375,false,13.626131057739258,47.24734878540039,47.931766510009766,false,21.85260772705078,39.494773864746094,39.86018753051758,false,0.0,0.0,0.0
-15.5997222,27.965,true,812653.3125,865492.5625,865492.5,false,0.0,0.0,0.0,false,0.0,0.0,0.0,false,0.8099659085273743,1.476047396659851,1.4760475158691406
122.0,13.0,true,20134.08984375,176214.96875,990166.5,false,0.0,0.0,0.0,false,0.100477434694767,8.01046371459961,39.60304260253906,false,0.0,0.0,0.0
-158.0,21.5,true,677711.9375,1.0344415e6,1.0344415e6,false,0.2957517206668854,0.767331063747406,0.7673311233520508,false,1.7748218774795532,1.8467708826065063,1.8467707633972168,false,0.0,0.0,0.0
117.355,-0.645815,true,210122.828125,1.641026625e6,1.80074975e6,false,0.0,0.0,0.0,false,406.0967712402344,533.330078125,550.0457763671875,false,0.0,0.0,0.0
123.198,13.722,true,1.021875875e6,2.37518875e6,3.65986925e6,false,0.0,0.0,0.0,false,16.463802337646484,56.45477294921875,97.7774658203125,false,0.0,0.0,0.0
146.65,-35.1,true,1531.236083984375,10139.58203125,90383.125,false,0.0,0.0,0.0,false,0.0,0.0,0.0,false,0.0,0.0,0.0
74.379876,14.492964,true,344527.65625,810294.125,1.503974e6,false,0.0,0.0,0.0,false,6.425330638885498,19.40517807006836,20.418048858642578,true,33.11634826660156,52.502906799316406,58.43048858642578
-170.0,-14.33,true,0.0,278.94677734375,13428.966796875,false,0.0,0.0,0.0,false,0.0,0.0,0.0665757805109024,false,0.0,0.0,0.0
34.2539,28.278,true,654.20263671875,100858.453125,144789.65625,false,0.0,0.0,0.0,false,0.2421855926513672,0.242185577750206,0.242185577750206,false,3.125552177429199,24.761741638183594,55.42694854736328
38.0,22.0,true,0.0,0.0,0.0,false,0.0,0.0,0.0,false,0.0,0.0,0.0,false,0.0,0.0,0.0
34.234,27.742,true,48713.59375,86532.171875,268617.9375,false,0.0,0.0,0.0,false,0.0,0.0,0.5781643986701965,false,8.667070388793945,19.66895866394043,68.89572143554688
-3.202136,54.080854,true,204926.25,895689.5,2.757085e6,false,33.71701431274414,80.84805297851562,80.84805297851562,false,0.0,0.0,0.0,false,332.0792541503906,440.78857421875,486.815673828125
5.23,53.23,true,54519.98046875,458251.875,1.3444795e6,false,3.3224573135375977,53.95158767700195,66.95204162597656,false,0.0,0.0,0.0,false,309.7890930175781,530.0665283203125,663.18408203125
-35.24958,-5.52749,true,349223.875,1.5855555e6,1.857287875e6,false,0.0,0.0,0.0,false,5.81856107711792,20.511817932128906,26.03532600402832,true,7.588825225830078,20.10795021057129,34.95357894897461
18.73581,59.38778,true,72413.203125,1.96248375e6,2.5020735e6,false,0.34074562788009644,2.1709482669830322,5.63033390045166,false,0.0,0.0,0.0,false,0.0,0.4103062152862549,1.758184790611267
34.082,0.038,true,452957.15625,2.304438e6,5.699577e6,false,0.0,0.0,0.0,false,0.0,0.0,0.0,false,0.0,0.0,0.0
15.08,36.78,true,136152.21875,515065.21875,806248.875,false,0.0,0.3216748535633087,0.9095502495765686,false,0.0,0.0,0.0,false,5.119385719299316,5.4684319496154785,5.993972301483154
110.36522,1.544765,true,879837.5,1.034039375e6,1.166041125e6,false,0.0,0.0,0.0,false,243.1531982421875,331.0577392578125,372.4425048828125,false,0.0,0.0,0.0
98.6,8.283333,true,107727.109375,768630.0,1.44796275e6,false,0.0,0.0,0.0,false,239.17526245117188,335.99285888671875,456.9046936035156,false,0.0,0.0,0.0
121.07,-6.62,true,1938.415283203125,8826.052734375,32380.76953125,false,0.0,0.0,0.0,false,0.0,0.0,1.978417992591858,false,0.0,0.0,0.0
83.25,41.0333333,true,11797.279296875,200141.8125,515864.1875,false,0.0,0.0,0.0,false,0.0,0.0,0.0,false,0.0,0.0,0.0
72.663148,21.257534,true,6.6446145e6,8.04728e6,1.110075e7,false,0.0,0.0,0.0,false,28.857608795166016,56.69089126586914,95.94480895996094,false,260.61358642578125,592.9708251953125,1192.850341796875
99.32,9.13,true,349224.875,684087.25,1.09833575e6,false,0.0,0.0,0.0,false,30.281978607177734,47.506797790527344,52.85453796386719,false,0.0,0.0,0.0
124.216667,9.884444,true,426468.15625,1.38026175e6,4.865234e6,false,0.0,0.0,0.0,false,14.703508377075195,107.19204711914062,119.93893432617188,false,0.0,0.0,0.0
124.285,10.257,true,184641.46875,3.40643825e6,5.54914e6,false,0.0,0.0,0.0,false,27.391239166259766,70.92432403564453,122.63937377929688,false,0.0,0.0,0.0
133.416667,-2.333333,true,3449.193359375,57162.9140625,70311.1171875,false,0.0,0.0,0.0,false,440.56719970703125,1622.855224609375,2528.687744140625,false,0.0,0.0,0.0
121.687,13.972,true,818056.125,2.8327045e6,6.975741e6,false,0.0,0.0,0.0,false,10.253843307495117,26.456235885620117,101.19223022460938,false,0.0,0.0,0.0
-105.57,20.699,true,22329.3359375,474239.8125,533410.0,false,0.0,0.0,0.0,false,0.12844698131084442,2.8593270778656006,6.015717029571533,false,0.0,0.0,0.0
-109.421,23.389,true,737.553955078125,183628.78125,329504.9375,false,0.0,0.0,0.0,false,0.0,0.0,0.0,false,0.0,0.0,0.0
116.25,-8.25,true,205045.78125,2.26340625e6,3.74936425e6,false,0.0,0.0,0.0,false,0.0,2.523470163345337,37.25828170776367,false,0.0,0.0,0.0
-2.9,50.7,true,129990.9375,902048.25,2.06174725e6,false,0.31554991006851196,1.9535794258117676,14.07687759399414,false,0.0,0.0,0.0,false,10.76921558380127,34.490570068359375,125.34640502929688
-83.761,44.0185,true,20141.724609375,161878.296875,529643.25,false,0.0,0.0,0.0,false,0.0,0.0,0.0,false,0.0,0.0,0.0
80.786095,6.012671,true,548932.0,1.731188125e6,3.0264315e6,false,0.0,0.0,0.0,false,7.573248386383057,7.641560077667236,8.614988327026367,false,0.0,0.0,0.0
80.825093,6.045905,true,523509.6875,1.691224375e6,3.0027295e6,false,0.0,0.0,0.0,false,7.573248386383057,7.641561031341553,8.614990234375,false,0.0,0.0,0.0
80.820871,6.041371,true,520675.375,1.69374325e6,3.00216675e6,false,0.0,0.0,0.0,false,7.573248863220215,7.641560077667236,8.614990234375,false,0.0,0.0,0.0
80.854184,6.062529,true,504365.4375,1.669315e6,2.94522975e6,false,0.0,0.0,0.0,false,7.598861217498779,7.5988616943359375,8.614991188049316,false,0.0,0.0,0.0
-61.464033,10.59141,true,863977.6875,1.357185e6,1.44830425e6,false,0.0,0.0,0.0,true,47.13990783691406,65.57695007324219,79.11990356445312,false,0.0,0.0,0.0
74.398499,14.494051,true,351435.5625,884153.5,1.53586925e6,false,0.0,0.0,0.0,false,6.458614826202393,19.347084045410156,20.576444625854492,false,32.975250244140625,52.42845153808594,58.572208404541016
89.2385,22.249,true,697334.25,2.8977765e6,9.357045e6,false,0.0,0.0,0.0,false,828.9617919921875,3202.027099609375,5440.369140625,false,0.0,0.0,0.0
89.6096,22.0221,true,337.97589111328125,892028.4375,4.405998e6,false,0.0,0.0,0.0,true,1471.002685546875,3657.43310546875,4712.2978515625,false,0.0,0.0,0.0
89.2426,22.2511,true,696647.375,2.881413e6,9.36995e6,false,0.0,0.0,0.0,false,828.705078125,3197.65283203125,5426.4150390625,false,0.0,0.0,0.0
116.0,5.966,true,919344.125,1.12529425e6,1.56726375e6,false,0.0,0.0,0.0,false,4.612401962280273,18.663917541503906,26.969491958618164,false,0.0,0.0,0.0
121.560771,40.869711,true,70826.078125,1.87131675e6,5.307951e6,false,74.83824157714844,108.29584503173828,128.02967834472656,false,0.0,0.0,0.0,false,0.0,0.0,0.0
126.35,34.766,true,347366.71875,575100.9375,2.36346875e6,false,0.0,0.0,0.0,false,0.0,0.0,0.0,false,0.0,0.0,0.0
102.334,12.056,true,36668.3515625,212807.125,613280.0,false,0.0,0.0,0.0,false,50.4881591796875,267.20306396484375,343.6868896484375,false,0.0,0.0,0.0
106.99316,20.799997,true,366808.09375,2.563662e6,5.31175e6,false,0.0,0.0,0.0,false,40.58724594116211,86.55267333984375,168.82586669921875,false,0.0,0.0,0.0
146.17,-18.65,true,11050.73828125,16386.802734375,22195.73046875,false,22.854080200195312,50.565914154052734,62.25169372558594,false,141.03099060058594,267.6962890625,316.7232666015625,false,0.0,0.0,0.0
168.338972,-17.799111,true,89681.5078125,99541.5,99693.078125,false,0.0,0.0,0.0,false,0.0,1.260867953300476,1.2608680725097656,false,0.0,0.0,0.0
167.5,-16.3,true,9389.5263671875,33994.2734375,41642.23828125,false,0.0,0.0,0.0,false,7.794560432434082,13.4750394821167,13.4750394821167,false,0.0,0.0,0.0
121.733047,13.970681,true,759156.5,2.58067e6,6.253819e6,false,0.0,0.0,0.0,true,10.645586013793945,28.48141860961914,110.68124389648438,false,0.0,0.0,0.0
6.21,5.39,true,890479.375,3.8615045e6,7.5465705e6,false,0.0,0.0,0.0,false,0.0,1.0598230361938477,599.9406127929688,false,0.0,0.0,12.46364974975586
178.36561,-18.13732,true,324031.375,389540.25,432442.125,false,0.0,0.0,0.0,false,31.561481475830078,101.09347534179688,112.26139831542969,false,0.0,0.0,0.0
177.46,-18.01,true,88333.875,228022.46875,325686.09375,false,0.0,0.0,0.0,false,18.52334976196289,40.48553466796875,99.54792785644531,false,0.0,0.0,0.0
12.19,45.43,true,1.06344675e6,2.6473045e6,4.327495e6,false,110.91352081298828,245.83932495117188,290.96453857421875,false,0.0,0.0,0.0,false,83.1866455078125,151.20799255371094,209.58070373535156
120.23,16.02,true,1.368785125e6,3.660289e6,6.152511e6,false,0.0,0.0,0.0,false,2.831036329269409,3.8941612243652344,6.699313163757324,false,0.0,0.0,0.0
53.696801,36.782684,true,153539.765625,896603.3125,1.87515e6,false,0.0,0.0,0.0,false,0.0,0.0,0.0,false,0.0,0.0,0.0
162.97,5.35,true,6267.580078125,6267.580078125,6267.580078125,false,0.0,0.0,0.0,false,13.132098197937012,13.132096290588379,13.132099151611328,false,0.0,0.0,0.0
-1.283,53.6,true,1.494019e6,4.807144e6,9.677817e6,false,0.0,9.108360290527344,11.38100814819336,false,0.0,0.0,0.0,false,0.0,24.249557495117188,59.06578826904297
153.17,-27.33,true,1.164689875e6,2.329472e6,3.000216e6,false,10.693991661071777,30.638385772705078,47.399925231933594,false,35.36760330200195,90.412109375,136.9772491455078,false,0.0,0.0,0.0
23.676944,-19.761944,true,2450.41015625,111359.703125,116361.03125,false,0.0,0.0,0.0,false,0.0,0.0,0.0,false,0.0,0.0,0.0
22.296667,-19.113056,true,10590.265625,39315.96484375,47051.21875,false,0.0,0.0,0.0,false,0.0,0.0,0.0,false,0.0,0.0,0.0
21.845833,-18.369167,true,15062.3203125,29357.890625,49445.8125,false,0.0,0.0,0.0,false,0.0,0.0,0.0,false,0.0,0.0,0.0
-80.92,25.55,true,82.13618469238281,206776.96875,1.9883995e6,false,107.96452331542969,182.06321716308594,266.4872741699219,false,318.4081726074219,1246.8798828125,1625.8995361328125,false,0.0,0.0,0.0
-77.0833,26.4667,true,12904.0322265625,17174.02734375,18878.24609375,false,0.0,0.0,0.0,false,171.21449279785156,238.51817321777344,264.89495849609375,false,0.0,0.0,0.0
-87.78,13.43,true,156275.203125,810317.875,1.657991e6,false,0.0,0.0,0.0,false,185.91802978515625,317.43701171875,534.9191284179688,false,0.0,0.0,0.0
39.67,-4.05,true,1.797272e6,2.43188025e6,2.97103675e6,false,0.0,0.0,0.0,false,34.29510498046875,43.55156707763672,93.9443359375,false,52.066375732421875,80.23238372802734,111.89048767089844
137.415774,-30.000233,true,0.7229738831520081,5.344417095184326,1455.2161865234375,false,0.0,0.0,0.0,false,0.0,0.0,0.0,false,0.0,0.0,0.0
136.209152,-30.000233,true,1.2151862382888794,8.5076265335083,38.96821594238281,false,0.0,0.0,0.0,false,0.0,0.0,0.0,false,0.0,0.0,0.0
55.67,-4.58,true,57490.90625,104820.1484375,104863.546875,false,0.0,0.0,0.0,false,0.09413906186819077,0.5905396938323975,0.5905396938323975,false,15.763996124267578,44.028785705566406,44.448280334472656
13.32,45.75,true,211446.0625,1.17255e6,1.9289755e6,false,22.881214141845703,31.739261627197266,96.72176361083984,false,0.0,0.0,0.0,false,52.99761962890625,71.28227233886719,122.77848815917969
13.5004,45.7569,true,326454.75,1.042359e6,1.77013325e6,false,14.92134952545166,32.40346908569336,39.39342498779297,false,0.0,0.0,0.0,false,43.21306610107422,71.14688110351562,75.50090026855469
-6.333333,49.916667,true,2262.45703125,3122.853515625,70105.4375,false,0.0,0.0,1.1655635833740234,false,0.0,0.0,0.0,false,8.758092880249023,10.598921775817871,24.303321838378906
80.938114,6.085575,true,391746.3125,1.464713375e6,2.60261575e6,false,0.0,0.0,0.0,false,7.5988616943359375,7.5988616943359375,7.735426902770996,false,0.0,0.0,0.0
81.121451,6.132105,true,260341.65625,866354.0,2.0614845e6,false,0.0,0.0,0.0,false,4.226203441619873,7.598861217498779,7.94872522354126,false,0.0,0.0,0.0
119.583333,-5.416667,true,658008.125,3.404092e6,4.232157e6,false,0.0,0.0,0.0,false,0.0,15.402935028076172,15.411480903625488,false,0.0,0.0,0.0
0.86,51.77,true,570537.0625,2.516621e6,9.61862e6,true,43.41971969604492,86.05062866210938,94.40880584716797,false,0.0,0.0,0.0,false,153.29336547851562,359.39947509765625,388.90618896484375
122.349105,45.025699,true,47156.6875,341255.75,1.11083575e6,false,0.0,0.0,0.0,false,0.0,0.0,0.0,false,0.0,0.0,0.0
-6.437461,37.03353,true,18474.640625,765565.375,2.70575825e6,false,490.51678466796875,544.6705932617188,696.7836303710938,false,0.0,0.0,0.0,false,9.868425369262695,38.90808868408203,91.04328918457031
106.88,10.6,true,1.3586365e6,1.5477098e7,1.9599512e7,false,0.0,0.0,0.0,true,449.49835205078125,472.9459228515625,499.1136169433594,false,0.0,0.0,0.0
-82.873,24.629,true,21.159473419189453,21.159473419189453,21.159473419189453,false,0.0,0.0,0.0,false,0.0,0.0,0.0,false,0.0,0.0,0.0
-81.230344,25.514789,true,0.09207688271999359,1625.2861328125,69847.9375,false,120.393310546875,202.87747192382812,268.9287109375,false,400.1290283203125,1100.9676513671875,1528.34814453125,false,0.0,0.0,0.0
-0.2,53.7,true,648237.625,1.0328065e6,2.3187565e6,false,6.346804618835449,26.20290756225586,26.74398422241211,false,0.0,0.0,0.0,false,103.91798400878906,152.16921997070312,167.5029296875
133.7751312,-25.2743988,true,0.050158947706222534,14.883829116821289,299.44720458984375,false,0.0,0.0,0.0,false,0.0,0.0,0.0,false,0.0,0.0,0.0
177.45,-17.62,true,173706.25,272059.75,326793.46875,false,0.0,0.0,0.0,false,29.759361267089844,96.20287322998047,116.0957260131836,false,0.0,0.0,0.0
-77.921111,18.469444,true,260616.734375,544845.3125,969561.9375,false,0.0,0.0,0.0,false,0.9610061645507812,22.31497573852539,27.312747955322266,false,0.0,0.0,0.0
1.137023,51.940306,true,607600.4375,1.22585825e6,3.44166675e6,false,28.70851707458496,64.82965087890625,97.48262786865234,false,0.0,0.0,0.0,false,63.72523880004883,221.85305786132812,384.185791015625
0.583333,51.75,true,992072.1875,5.53981e6,1.5079972e7,false,29.653648376464844,81.220458984375,91.89408111572266,false,0.0,0.0,0.0,false,48.35927200317383,336.9638977050781,379.7276916503906
-0.292508,50.766652,true,714093.375,1.664602375e6,5.792867e6,false,0.33066117763519287,6.734978675842285,12.119966506958008,false,0.0,0.0,0.0,false,11.188538551330566,53.252681732177734,101.82714080810547
67.7,24.1,true,162610.5,479475.125,1.100985625e6,false,0.0,0.0,0.0,false,57.56525421142578,285.79974365234375,551.220458984375,false,290.7708740234375,1140.987548828125,1653.628173828125
-1.2426,59.9368,true,12792.7783203125,19622.09375,22710.203125,false,0.0,0.0,0.0,false,0.0,0.0,0.0,false,1.411432147026062,1.4114320278167725,1.4114322662353516
-1.2401,55.684,true,11.680200576782227,49045.7734375,353599.875,false,0.0,3.6278982162475586,3.9383790493011475,false,0.0,0.0,0.0,false,0.0,47.7830810546875,59.783470153808594
-2.525,50.621,true,146180.921875,821497.75,1.96225525e6,false,0.28313905000686646,8.528386116027832,18.82235336303711,false,0.0,0.0,0.0,false,6.396570205688477,24.44410514831543,59.857177734375
-5.046,50.205,true,265141.875,439596.34375,830932.3125,false,2.087822914123535,4.69472074508667,6.833681583404541,false,0.0,0.0,0.0,false,30.36250877380371,66.26367950439453,93.77046203613281
-4.217,51.07,true,136109.96875,241897.0625,1.4473595e6,false,2.136920213699341,2.98128604888916,42.079280853271484,false,0.0,0.0,0.0,true,32.875938415527344,44.98391342163086,192.13343811035156
1.056,52.959,true,83360.015625,625606.0625,1.263347e6,false,24.506813049316406,40.858909606933594,98.1595687866211,false,0.0,0.0,0.0,false,30.36441421508789,104.37897491455078,296.3966369628906
0.54,52.96,true,93130.296875,530439.125,1.682314625e6,false,47.04621887207031,95.44483947753906,107.49215698242188,false,0.0,0.0,0.0,false,196.55108642578125,284.9509582519531,313.0771789550781
-3.8685,50.287,true,323112.0,740174.9375,1.214941875e6,false,0.5586717128753662,3.357801914215088,5.650910377502441,false,0.0,0.0,0.0,false,29.93268394470215,63.034210205078125,86.52299499511719
-4.2199,50.423,true,417912.09375,853601.9375,1.439944875e6,false,2.3527090549468994,4.367927074432373,10.09640121459961,false,0.0,0.0,0.0,false,26.568824768066406,64.09909057617188,145.5477752685547
0.942,53.251,true,0.0,126825.859375,797278.1875,false,0.0,37.43702697753906,107.19232177734375,false,0.0,0.0,0.0,false,0.0,82.54618835449219,353.26922607421875
-1.295556,50.575,true,143431.6875,1.86820825e6,2.79526625e6,false,7.369819641113281,26.78441619873047,33.90309143066406,false,0.0,0.0,0.0,false,23.967750549316406,99.6673812866211,115.9613037109375
-5.6511,54.3336,true,111212.09375,1.06820375e6,1.511014125e6,false,0.0,0.0,7.315934181213379,false,0.0,0.0,0.0,false,59.97111892700195,96.39435577392578,162.53628540039062
0.729,53.544,true,0.0,55434.57421875,534310.3125,false,0.0,13.594948768615723,60.89837646484375,false,0.0,0.0,0.0,false,0.0,72.69828796386719,238.76031494140625
-0.716,54.564,true,123511.125,831102.9375,2.64509175e6,false,0.0,2.79875111579895,3.0505380630493164,false,0.0,0.0,0.0,false,16.950716018676758,36.08823013305664,51.00918197631836
-4.944,53.517,true,3.87226939201355,39713.171875,164490.46875,false,0.0,1.0826252698898315,3.697782516479492,false,0.0,0.0,0.0,false,0.0,17.231138229370117,81.27198028564453
-3.876,54.342,true,1980.945068359375,246360.984375,533743.1875,false,0.0,11.153178215026855,59.4467887878418,false,0.0,0.0,0.0,false,5.595771789550781,86.49354553222656,603.4688110351562
-5.382,52.626,true,0.0,377.2013854980469,149375.890625,false,0.0,0.0,3.3115923404693604,false,0.0,0.0,0.0,false,0.0,0.49860838055610657,12.115389823913574
0.273,53.408,true,75922.5625,381418.875,1.50092925e6,false,12.30724048614502,28.682003021240234,120.9818115234375,false,0.0,0.0,0.0,false,39.065895080566406,178.02809143066406,425.18231201171875
0.256,54.492,true,0.0,55749.59375,213456.609375,false,0.0,0.0,0.0,false,0.0,0.0,0.0,false,0.0,11.863988876342773,30.43800926208496
-0.352,54.264,true,138464.6875,333840.28125,1.73186475e6,false,0.0,0.0,16.302091598510742,false,0.0,0.0,0.0,false,16.58746337890625,31.011581420898438,124.75588989257812
1.352,52.954,true,89751.4765625,607051.125,1.035683875e6,false,4.520042896270752,30.85224151611328,56.51566696166992,false,0.0,0.0,0.0,false,10.488241195678711,43.45232391357422,180.42355346679688
0.4411,53.818,true,0.0,309520.625,901421.375,false,0.0,16.840354919433594,22.003124237060547,false,0.0,0.0,0.0,false,0.0,104.67684936523438,153.21066284179688
0.035,53.775,true,240336.125,843597.5,1.529216625e6,false,4.701220989227295,24.092538833618164,26.331701278686523,false,0.0,0.0,0.0,false,79.74835205078125,146.55227661132812,167.50460815429688
-0.8635,60.6376,true,1777.296142578125,6934.1171875,22037.03125,false,0.0,0.0,0.0,false,0.0,0.0,0.0,false,0.0,0.0,0.1889345794916153
-0.8808,57.3901,true,0.0,0.0,61277.46484375,false,0.0,0.0,0.3058409094810486,false,0.0,0.0,0.0,false,0.0,0.0,11.952420234680176
-3.9425,50.314,true,381685.875,759014.5625,1.246493625e6,false,1.4392638206481934,3.357802152633667,7.542423725128174,false,0.0,0.0,0.0,true,39.11212158203125,59.76659393310547,95.70921325683594
-3.6184,50.396,true,311903.875,936444.25,1.242654e6,false,1.1642892360687256,4.8268656730651855,5.072184085845947,false,0.0,0.0,0.0,false,28.98438835144043,71.69398498535156,82.41268920898438
-3.5764,54.466,true,102130.265625,277391.0,851071.3125,false,1.436179280281067,26.66403579711914,96.85768127441406,false,0.0,0.0,0.0,false,24.512460708618164,211.06834411621094,697.6551513671875
0.986,52.958,true,77997.546875,642797.875,1.298761875e6,true,28.715810775756836,50.036502838134766,101.20501708984375,false,0.0,0.0,0.0,false,35.03135299682617,162.96810913085938,298.01605224609375
-2.9782,51.4686,true,1.083172625e6,3.033328e6,4.575306e6,false,6.125870704650879,15.429201126098633,19.3863582611084,false,0.0,0.0,0.0,false,150.115966796875,251.16900634765625,293.4708251953125
-4.8671,50.529,true,158358.625,465894.96875,971034.25,false,1.567195177078247,5.107460975646973,7.77091121673584,false,0.0,0.0,0.0,false,20.96954345703125,63.73856735229492,112.12281799316406
1.5882,51.256,true,235543.21875,713443.5,2.11143975e6,false,1.4331910610198975,5.590184211730957,56.76167678833008,false,0.0,0.0,0.0,false,11.978231430053711,66.38772583007812,366.9652099609375
1.38,51.378,true,351158.40625,905970.625,3.070896e6,false,1.449269413948059,28.655881881713867,89.34822082519531,false,0.0,0.0,0.0,false,16.315521240234375,218.53555297851562,431.9052429199219
0.997,52.964,true,76291.078125,634684.25,1.2816585e6,true,28.23488998413086,48.70646667480469,101.15386962890625,false,0.0,0.0,0.0,false,34.74199676513672,156.4962158203125,297.97509765625
0.967,51.083,true,384644.0625,1.63606125e6,4.1900565e6,false,0.33541595935821533,21.627931594848633,55.64718246459961,false,0.0,0.0,0.0,false,19.167644500732422,143.84259033203125,375.810302734375
0.9327,51.368,true,508144.875,2.516468e6,8.840517e6,true,22.50680923461914,68.43162536621094,84.89523315429688,false,0.0,0.0,0.0,false,164.22232055664062,347.398193359375,406.8957824707031
0.6508,51.413,true,1.38478e6,5.703444e6,1.4455978e7,false,36.924644470214844,65.26628112792969,84.32950592041016,false,0.0,0.0,0.0,false,179.96194458007812,322.3648681640625,392.779541015625
-1.6157,55.388,true,94413.8828125,1.04151925e6,1.8636695e6,false,0.9012637138366699,3.9383790493011475,4.190166473388672,false,0.0,0.0,0.0,false,20.099082946777344,59.7947883605957,65.94654846191406
-1.8846,50.686,true,621417.125,1.59798075e6,2.8350365e6,false,12.137251853942871,24.440860748291016,31.992687225341797,false,0.0,0.0,0.0,false,14.914941787719727,45.328277587890625,109.2803955078125
-2.5303,50.591,true,140759.515625,733299.0625,1.9046015e6,false,0.28313907980918884,8.528387069702148,16.7008113861084,false,0.0,0.0,0.0,false,6.1030354499816895,24.41145896911621,56.62180709838867
-3.0564,50.713,true,152731.140625,1.0772325e6,1.684546875e6,false,0.45177650451660156,2.5920050144195557,14.06209945678711,false,0.0,0.0,0.0,true,11.314717292785645,36.62975311279297,137.82785034179688
-3.3077,50.634,true,395795.90625,859314.3125,1.7675945e6,true,2.3034799098968506,2.66391658782959,9.12606430053711,false,0.0,0.0,0.0,false,27.35857391357422,40.666481018066406,139.49075317382812
1.7984,51.665,true,0.0,281836.84375,1.216738e6,false,0.0,15.207596778869629,70.95886993408203,false,0.0,0.0,0.0,false,0.18665267527103424,35.42107009887695,289.1011962890625
-5.9204,50.217,true,6817.18603515625,143563.375,310341.0,false,0.0,1.1655632257461548,3.2533862590789795,false,0.0,0.0,0.0,false,4.436295986175537,29.363346099853516,57.282257080078125
-6.5066,57.0241,true,104.77265930175781,10534.1171875,26529.6484375,false,0.0,3.0535643100738525,3.8229751586914062,false,0.0,0.0,0.0,false,1.612451195716858,17.629261016845703,85.39959716796875
-6.5932,50.903,true,0.0,0.0,0.0,false,0.0,0.0,0.0,false,0.0,0.0,0.0,false,0.0,0.0,0.0
-7.6371,57.525,true,2660.00830078125,5124.3642578125,10091.9814453125,false,0.48232030868530273,0.48232030868530273,0.8008638620376587,false,0.0,0.0,0.0,true,67.60502624511719,97.76803588867188,116.48432922363281
-5.0420957,50.1438,true,210481.234375,425760.78125,790364.625,false,1.95100736618042,4.694718837738037,6.822721481323242,false,0.0,0.0,0.0,false,25.715015411376953,64.25543212890625,91.623046875
-6.13,49.74,true,1876.5947265625,3719.050537109375,94280.21875,false,0.0,0.0,1.1655633449554443,false,0.0,0.0,0.0,false,1.6809931993484497,10.615840911865234,27.76245880126953
-5.066,50.153,true,216619.4375,425222.75,773999.3125,false,2.0499541759490967,4.6947197914123535,6.8227219581604,false,0.0,0.0,0.0,false,27.516151428222656,64.65940856933594,90.61932373046875
-5.681,50.036,true,58616.32421875,232886.828125,360545.65625,false,0.6873061060905457,1.8258765935897827,3.2533864974975586,false,0.0,0.0,0.0,true,13.472010612487793,40.55636978149414,60.74913024902344
-5.863,51.493,true,0.0,11.90768051147461,75892.671875,false,0.0,0.0,2.935427665710449,false,0.0,0.0,0.0,false,0.0,0.31396156549453735,30.27435302734375
-6.251,51.336,true,0.0,0.0,0.13682129979133606,false,0.0,0.0,0.0,false,0.0,0.0,0.0,false,0.0,0.0,0.0
1.666,51.241,true,147356.96875,718436.875,1.7405955e6,false,1.4331910610198975,2.962674379348755,35.48511505126953,false,0.0,0.0,0.0,false,9.405403137207031,56.487518310546875,307.47467041015625
1.3964,51.157,true,330480.375,884434.375,2.5723615e6,false,1.4331910610198975,9.008771896362305,54.803348541259766,false,0.0,0.0,0.0,true,10.427663803100586,86.703857421875,364.31854248046875
1.2808,51.022,true,214275.3125,984363.125,2.6034015e6,false,0.0,8.625764846801758,38.48973846435547,false,0.0,0.0,0.0,false,13.856546401977539,86.00299072265625,335.1359558105469
1.278,51.093,true,260010.375,1.025019e6,2.7157965e6,false,0.7838289141654968,9.515701293945312,51.28254699707031,false,0.0,0.0,0.0,false,9.847662925720215,89.90094757080078,356.8545837402344
0.978,51.715,true,421444.4375,2.34105825e6,7.545729e6,false,45.30924606323242,86.25120544433594,94.40879821777344,false,0.0,0.0,0.0,false,187.19056701660156,363.8226318359375,393.41357421875
0.8823,50.734,true,27606.56640625,624002.625,2.32218975e6,false,0.11903665214776993,0.33541592955589294,17.868635177612305,false,0.0,0.0,0.0,false,12.36297607421875,32.01625061035156,150.887939453125
0.4216,50.774,true,374466.65625,1.259988625e6,3.5842405e6,false,0.09773029386997223,0.5090761780738831,16.806177139282227,false,0.0,0.0,0.0,false,9.646894454956055,30.503910064697266,96.06991577148438
0.4,50.567,true,43481.98828125,681540.25,1.80607675e6,false,0.0,0.42775654792785645,0.763807475566864,false,0.0,0.0,0.0,false,2.4663593769073486,17.508502960205078,38.11883544921875
0.1667,51.05,true,563636.0,5.587125e6,1.5190035e7,false,0.0,4.1421122550964355,37.458587646484375,false,0.0,0.0,0.0,false,0.0,43.791717529296875,220.41421508789062
0.0692,50.769,true,644915.3125,1.69804825e6,4.967171e6,false,0.11942659318447113,0.4283914566040039,7.660270690917969,false,0.0,0.0,0.0,false,9.364548683166504,21.62579917907715,74.79331970214844
-0.4639,50.727,true,519328.28125,1.807711375e6,4.913014e6,false,2.1391570568084717,9.793588638305664,21.66844940185547,false,0.0,0.0,0.0,false,13.49893856048584,78.08203125,113.098876953125
-5.6157,51.7264,true,22.666919708251953,75710.5,128993.0,false,0.0,1.7544904947280884,3.943251371383667,false,0.0,0.0,0.0,false,0.43049776554107666,24.982959747314453,43.25065612792969
-5.4356,55.1747,true,397.638671875,77871.578125,1.0405018125e6,false,0.0,0.4537300169467926,7.396822929382324,false,0.0,0.0,0.0,false,0.5961366891860962,21.80160140991211,105.64651489257812
-5.1898,56.1256,true,17257.97265625,227790.875,1.6329065e6,false,1.633894681930542,1.6338945627212524,2.642078399658203,false,0.0,0.0,0.0,false,5.549860000610352,31.52138900756836,55.44110107421875
-5.1674,55.4627,true,4946.0830078125,345590.0,1.56447675e6,false,0.0,0.0,2.092557430267334,false,0.0,0.0,0.0,false,2.713221549987793,28.215906143188477,62.377647399902344
-1.6171,55.506,true,38216.08203125,262150.0625,1.632325375e6,false,3.187426805496216,3.9383788108825684,4.190167427062988,false,0.0,0.0,0.0,false,40.05995178222656,57.45991516113281,66.32516479492188
-1.62,56.455,true,0.0,0.0,154462.78125,false,0.0,0.0,0.0,false,0.0,0.0,0.0,false,0.0,0.0,47.12965393066406
-2.8735,59.3691,true,1525.6474609375,17398.66796875,22954.67578125,false,0.0,0.0,0.0,false,0.0,0.0,0.0,false,16.794326782226562,33.075923919677734,40.49967956542969
-2.9086,53.724,true,1.013708875e6,4.569342e6,7.982767e6,true,36.96965026855469,81.99503326416016,118.92860412597656,false,0.0,0.0,0.0,false,100.6889877319336,491.048095703125,612.6993408203125
-2.9643,59.1416,true,16482.62890625,22884.919921875,37343.17578125,false,0.0,0.0,0.0,false,0.0,0.0,0.0,false,19.976661682128906,40.49967956542969,45.295753479003906
-3.0224,58.4641,true,13960.0859375,30943.25390625,53030.2734375,false,0.0,0.0,0.0,false,0.0,0.0,0.0,false,1.9922829866409302,10.505205154418945,27.990360260009766
-3.1473,59.5156,true,459.94842529296875,3504.916015625,21108.07421875,false,0.0,0.0,0.0,false,0.0,0.0,0.0,false,2.8542850017547607,22.055824279785156,37.21759033203125
-3.2164,53.3283,true,1.266007125e6,3.034829e6,6.868964e6,false,31.05618667602539,63.65813446044922,84.97447204589844,false,0.0,0.0,0.0,true,148.68695068359375,256.5127258300781,361.4096984863281
-3.666667,54.75,true,105790.359375,324587.1875,538081.8125,false,1.1705093383789062,45.92778778076172,61.63361358642578,false,0.0,0.0,0.0,false,134.69039916992188,326.5914306640625,401.974853515625
-3.313,58.2668,true,11437.78515625,31875.27734375,122933.34375,false,0.0,0.0,4.344913005828857,false,0.0,0.0,0.0,false,0.0,9.511070251464844,75.82197570800781
-3.4819,54.766,true,102149.140625,394592.625,613146.0625,false,21.62343406677246,43.77421569824219,68.02281188964844,false,0.0,0.0,0.0,false,215.60726928710938,299.8855285644531,422.7613220214844
-3.5355,54.071,true,71225.5234375,525415.3125,1.48404375e6,false,8.090337753295898,48.49542236328125,80.84805297851562,false,0.0,0.0,0.0,false,61.12516784667969,386.17132568359375,482.46734619140625
-4.0866,51.188,true,117630.515625,413232.46875,2.09767075e6,false,2.13692045211792,14.271788597106934,49.05340576171875,false,0.0,0.0,0.0,false,28.021404266357422,87.79048156738281,256.4451904296875
-4.3035,51.232,true,83595.171875,289852.875,1.285660625e6,false,1.8343337774276733,25.373506546020508,47.60263442993164,false,0.0,0.0,0.0,false,26.861921310424805,103.70877838134766,220.00730895996094
-4.3664,52.6913,true,21044.109375,114177.96875,347286.78125,false,2.2714943885803223,19.341001510620117,23.518905639648438,false,0.0,0.0,0.0,false,20.39097785949707,72.31536865234375,141.40135192871094
-4.3764,51.6668,true,190729.703125,712727.25,1.36140725e6,false,39.94248962402344,44.310367584228516,48.70919418334961,false,0.0,0.0,0.0,false,105.20160675048828,149.0897979736328,210.46360778808594
-4.6171,52.2464,true,25328.16796875,146792.53125,451493.8125,false,0.11081437021493912,1.0898244380950928,43.09007263183594,false,0.0,0.0,0.0,false,4.0353217124938965,13.803205490112305,176.05007934570312
-4.7083,50.796,true,37807.40625,287184.4375,938645.6875,false,0.0,2.8920226097106934,7.408498764038086,false,0.0,0.0,0.0,false,11.022310256958008,49.95749282836914,105.77352905273438
-4.8803,51.289,true,53.52777862548828,62680.11328125,545976.375,false,0.0,1.362040638923645,45.26448440551758,false,0.0,0.0,0.0,false,0.5115064382553101,37.576663970947266,188.7152099609375
-5.105,50.419,true,191203.6875,455637.15625,851162.625,false,3.0340843200683594,4.694718360900879,6.822721481323242,false,0.0,0.0,0.0,false,27.10108184814453,64.08515167236328,97.22994995117188
-0.5902,50.263,true,0.0,0.0,1.30385475e6,false,0.0,0.0,9.815521240234375,false,0.0,0.0,0.0,false,0.0,0.0,81.64153289794922
-0.7206,50.494,true,0.0,961182.875,2.5686545e6,false,0.0,9.848072052001953,23.944862365722656,false,0.0,0.0,0.0,false,0.0,78.95365905761719,111.73861694335938
-0.7629,50.762,true,611072.0,2.2454565e6,4.8074835e6,true,9.093914985656738,17.620553970336914,26.119159698486328,false,0.0,0.0,0.0,true,57.65171813964844,98.74114990234375,112.96621704101562
-6.653,50.498,true,0.0,0.0,2262.456787109375,false,0.0,0.0,0.0,false,0.0,0.0,0.0,false,0.0,0.0,8.75809097290039
-8.0,50.0,true,0.0,0.0,0.0,false,0.0,0.0,0.0,false,0.0,0.0,0.0,false,0.0,0.0,0.0
-6.3203,49.935,true,2262.456787109375,4292.732421875,76495.3359375,false,0.0,0.0,1.1655633449554443,false,0.0,0.0,0.0,false,8.758091926574707,11.705900192260742,25.5736026763916
-0.7956,50.717,true,553364.5,2.0218115e6,4.2368375e6,false,9.03976821899414,18.702587127685547,26.119159698486328,false,0.0,0.0,0.0,false,60.130828857421875,99.58463287353516,112.14625549316406
-5.4708,50.111,true,163230.609375,300837.125,425162.0,false,1.562103271484375,3.2533862590789795,4.6837663650512695,false,0.0,0.0,0.0,false,24.76142120361328,46.14729309082031,72.97998046875
-0.8746,50.652,true,480214.0625,1.673537e6,3.775638e6,false,9.00723648071289,22.038921356201172,26.12459945678711,false,0.0,0.0,0.0,false,60.43076705932617,104.65509033203125,110.77713012695312
-1.05,51.0167,true,926080.25,3.27634375e6,7.821054e6,false,4.950942039489746,23.619457244873047,27.20127296447754,false,0.0,0.0,0.0,false,40.16332244873047,100.80841064453125,110.14496612548828
-1.0759,50.663,true,652302.9375,1.7761e6,3.752681e6,false,11.469173431396484,25.777450561523438,34.125335693359375,false,0.0,0.0,0.0,false,74.8563461303711,102.7995376586914,118.36516571044922
-1.1586,50.7329,true,916202.8125,1.9999775e6,4.00621275e6,false,16.841167449951172,25.793758392333984,34.125335693359375,false,0.0,0.0,0.0,true,85.21441650390625,101.69253540039062,118.05349731445312
-1.286,50.559,true,143270.90625,1.79271125e6,2.7385735e6,false,3.8004584312438965,26.104215621948242,33.9030876159668,false,0.0,0.0,0.0,false,17.09566879272461,99.09613037109375,115.86875915527344
-1.405,50.732,true,981494.875,2.21496925e6,3.333521e6,false,15.400798797607422,33.79466247558594,33.90309143066406,false,0.0,0.0,0.0,false,48.24004364013672,107.48831939697266,115.68551635742188
-1.5711,50.678,true,457130.25,2.10479375e6,2.92807725e6,false,13.683248519897461,30.657102584838867,34.10491180419922,false,0.0,0.0,0.0,false,22.185829162597656,95.26078796386719,115.5172348022461
-1.9387,50.653,true,582467.625,1.327795e6,2.741781e6,false,10.283632278442383,24.18152618408203,30.52789306640625,false,0.0,0.0,0.0,false,12.239860534667969,41.033790588378906,100.41712188720703
-2.135,50.61,true,469550.4375,910379.125,2.273138e6,false,8.109332084655762,14.790443420410156,25.222869873046875,false,0.0,0.0,0.0,false,12.508378028869629,24.619413375854492,67.38683319091797
-2.2124,50.386,true,9303.638671875,566765.125,1.08206825e6,false,0.0,10.539590835571289,19.234657287597656,false,0.0,0.0,0.0,false,0.5886279344558716,16.226802825927734,41.27363586425781
-2.45,50.5,true,105438.5,606001.25,1.378670625e6,false,0.27226537466049194,8.528387069702148,15.5415620803833,false,0.0,0.0,0.0,false,4.276278495788574,21.087478637695312,50.2734375
-3.22,53.38,true,1.318284e6,3.2228185e6,6.84921e6,false,29.870513916015625,70.80441284179688,86.75181579589844,false,0.0,0.0,0.0,true,145.94827270507812,261.4209289550781,383.679443359375
-3.2178,53.747,true,428206.03125,2.79741225e6,6.16784e6,false,29.36207389831543,64.40118408203125,121.757080078125,false,0.0,0.0,0.0,false,93.62777709960938,474.10406494140625,634.8668823242188
-3.556944,50.452222,true,335719.25,980427.25,1.361888375e6,false,0.9336767792701721,4.032193183898926,5.359368324279785,false,0.0,0.0,0.0,false,27.864273071289062,68.91685485839844,82.6605224609375
-3.6199,50.194,true,57831.56640625,641935.75,1.0395190625e6,false,0.2956590950489044,1.8424487113952637,4.9737324714660645,false,0.0,0.0,0.0,false,21.6075439453125,53.46592712402344,77.962158203125
-4.3442,50.343,true,380419.3125,647489.375,1.36594025e6,false,2.237494945526123,5.385836601257324,8.326620101928711,false,0.0,0.0,0.0,false,26.80823516845703,63.40621566772461,130.33090209960938
-4.6384,50.369,true,159679.125,754962.125,1.03214e6,false,1.6229573488235474,5.673600196838379,7.3540191650390625,false,0.0,0.0,0.0,true,11.647201538085938,72.12213134765625,121.07537841796875
-4.8061,49.418,true,0.0,0.0,5561.8359375,false,0.0,0.0,0.0,false,0.0,0.0,0.0,false,0.0,0.0,3.94584321975708
-5.0493,50.046,true,135395.015625,380109.375,605646.125,false,1.934544324874878,3.3409645557403564,6.1010613441467285,false,0.0,0.0,0.0,false,20.628551483154297,52.169158935546875,85.31681060791016
-5.0585,50.546,true,87823.6875,418720.625,877894.375,false,1.4796168804168701,4.512959957122803,6.8227219581604,false,0.0,0.0,0.0,false,19.7757568359375,53.37110137939453,102.60322570800781
-1.517,55.15,true,993354.5,1.780246375e6,2.6460565e6,false,0.2836360037326813,1.236508846282959,6.752233505249023,false,0.0,0.0,0.0,false,18.156423568725586,32.978485107421875,78.28532409667969
177.853181,-17.010742,true,0.0,16463.337890625,119280.203125,false,0.0,0.0,0.0,false,0.0,29.128135681152344,86.65567016601562,false,0.0,0.0,0.0
-89.75,21.266667,true,82975.3046875,1.1887565e6,1.380067625e6,false,0.0,0.0,0.0,false,98.08905792236328,262.900390625,561.2462158203125,false,0.0,0.0,0.0
100.20611,5.431509,true,1.10998025e6,2.584615e6,3.1648525e6,false,0.0,0.0,0.0,false,12.616361618041992,64.69631958007812,166.0458221435547,false,0.0,0.0,0.0
-3.0,55.0,true,149007.78125,327167.6875,622315.625,false,30.881256103515625,42.338035583496094,42.338035583496094,false,0.0,0.0,0.0,false,92.1252212524414,246.60418701171875,281.98382568359375
-72.43,41.07,true,102729.59375,721487.125,2.882329e6,false,18.567033767700195,53.90040588378906,79.8060302734375,false,0.0,0.0,0.0,false,0.0,0.0,0.0
99.004318,7.930706,true,147916.28125,332541.90625,1.31247475e6,false,0.0,0.0,0.0,false,184.58425903320312,329.3499450683594,559.325927734375,false,0.0,0.0,0.0
5.50758,5.35091,true,135496.6875,2.490919e6,4.434987e6,false,0.0,0.0,0.0,false,974.784423828125,1832.3369140625,3192.65185546875,false,108.34553527832031,215.9685516357422,323.4881896972656
6.86236,4.73614,true,3.01498475e6,6.7241575e6,1.1626308e7,false,0.0,0.0,0.0,false,888.0735473632812,2299.4619140625,3208.52587890625,false,83.89773559570312,336.38671875,493.25537109375
8.583,10.167,true,291085.6875,1.773988125e6,3.912664e6,false,0.0,0.0,0.0,false,0.0,0.0,0.0,false,0.0,0.0,0.0
18.0,35.0,true,0.0,0.0,0.0,false,0.0,0.0,0.0,false,0.0,0.0,0.0,false,0.0,0.0,0.0
-83.6,8.87,true,22201.578125,124610.59375,304660.0625,false,0.0,0.0,0.0,true,148.34698486328125,155.57809448242188,175.95596313476562,false,0.0,0.0,0.0
100.17993,8.438163,true,266047.625,748439.125,1.2827805e6,false,0.0,0.0,0.0,true,100.63179779052734,110.9813003540039,110.98129272460938,false,0.0,0.0,0.0
66.308274,25.568037,true,1307.621826171875,88099.3046875,195053.890625,false,0.0,0.0,0.0,false,38.077476501464844,41.10076141357422,41.100765228271484,true,240.75244140625,280.21307373046875,289.64324951171875
4.7,48.57,true,88047.75,273112.78125,704722.25,false,0.0,0.0,0.0,false,0.0,0.0,0.0,false,0.0,0.0,0.0
39.236003,-4.651811,true,175115.46875,540284.75,1.415438e6,false,0.0,0.0,0.0,true,93.09355163574219,154.4127197265625,204.30191040039062,true,81.71658325195312,143.4718475341797,312.9596252441406
39.402943,-4.57585,true,164114.40625,598804.625,2.7635965e6,false,0.0,0.0,0.0,true,82.26828002929688,127.82820892333984,234.09925842285156,false,78.78893280029297,131.63677978515625,347.92828369140625
39.566671,-4.042887,true,1.867582375e6,2.5327115e6,3.0109805e6,false,0.0,0.0,0.0,true,34.29510498046875,41.29791259765625,111.76297760009766,false,44.28814697265625,78.67950439453125,130.39801025390625
87.0,20.75,true,266060.25,1.50864625e6,4.608477e6,false,0.0,0.0,0.0,true,118.24764251708984,160.41049194335938,177.9404296875,false,0.0,0.0,0.0
119.4075,11.19556,true,76555.921875,146661.015625,214886.5625,false,0.0,0.0,0.0,false,38.51286697387695,64.80319213867188,95.01982879638672,false,0.0,0.0,0.0
72.677837,21.134123,true,6.666078e6,8.08533e6,1.1475515e7,false,0.0,0.0,0.0,false,25.692119598388672,63.12470626831055,73.70610046386719,false,189.3702392578125,501.81341552734375,992.23486328125
76.342393,9.866882,true,3.327457e6,8.077106e6,1.221705e7,false,0.0,0.0,0.0,false,4.185964584350586,4.954925537109375,4.954925060272217,false,71.4352035522461,113.10545349121094,122.63137817382812
8.53,53.88,true,72700.7421875,521247.125,1.21678375e6,false,8.054794311523438,64.28189086914062,112.52644348144531,false,0.0,0.0,0.0,false,613.3597412109375,1394.704345703125,1952.5474853515625
108.3,23.6,true,296984.3125,1.414869875e6,2.98623825e6,false,0.0,0.0,0.0,false,0.0,0.0,0.0,false,0.0,0.0,0.0
81.188467,7.566823,true,180868.8125,736038.875,3.808201e6,false,0.0,0.0,0.0,false,0.0,1.3527485132217407,24.572906494140625,false,0.0,0.0,0.0
81.08,6.25,true,394211.0625,1.026646375e6,2.6639755e6,false,0.0,0.0,0.0,false,4.166437149047852,7.598861217498779,7.948725700378418,false,0.0,0.0,0.0
-81.47,31.1,true,80994.9375,168294.4375,339593.375,false,455.4820556640625,796.537841796875,1174.3155517578125,false,0.0,0.0,0.0,false,0.0,0.0,0.0
-80.67,28.58,true,178320.421875,525183.625,2.4215845e6,false,58.09595489501953,72.47632598876953,83.50904846191406,false,0.0,3.3060176372528076,14.061307907104492,false,0.0,0.0,0.0
-79.33,33.17,true,19509.712890625,74766.671875,695727.375,false,202.84097290039062,294.6658020019531,408.56494140625,false,0.0,0.0,0.0,false,0.0,0.0,0.0
1.74411,52.462507,true,238907.46875,734596.1875,1.364362125e6,false,5.9253339767456055,11.400113105773926,29.16339874267578,false,0.0,0.0,0.0,false,7.258545875549316,21.66993522644043,64.95153045654297
1.738441,52.601145,true,257016.625,725493.5,1.22453725e6,false,2.4131510257720947,5.925333499908447,30.83814239501953,false,0.0,0.0,0.0,false,5.122669696807861,13.056070327758789,54.943260192871094
100.0,4.0,true,1.8164780139923096,1.81647789478302,31180.12890625,false,0.0,0.0,0.0,false,0.0,0.0,0.822034478187561,false,0.0,0.0,0.0
79.25,9.5,true,73889.34375,696347.875,1.699086e6,false,0.0,0.0,0.0,false,0.0,3.4372787475585938,5.68900203704834,false,0.728695809841156,35.10576629638672,59.35900115966797
85.418015,19.775105,true,537400.375,2.643788e6,6.533597e6,false,0.0,0.0,0.0,false,0.0,0.0,0.0,false,0.0,0.0,0.0
-87.92,13.18,true,103397.3828125,490713.15625,1.309536875e6,false,0.0,0.0,0.0,true,23.64173126220703,267.37567138671875,639.227294921875,false,0.0,0.0,0.0
11.85,45.73,true,734918.5,3.14235675e6,4.8216805e6,false,0.0,47.202857971191406,166.6355743408203,false,0.0,0.0,0.0,false,0.0,32.782997131347656,122.78885650634766
178.457,-18.144,true,329139.96875,385383.875,423753.84375,false,0.0,0.0,0.0,false,67.0929183959961,97.1961441040039,111.80276489257812,false,0.0,0.0,0.0
4.5,43.5,true,68997.8125,925532.5,2.7274925e6,false,265.7518310546875,352.6602783203125,364.3445129394531,false,0.0,0.0,0.0,false,140.2906494140625,175.5655517578125,178.83206176757812
108.8076,23.7248,true,373550.5,1.54035225e6,3.4403485e6,false,0.0,0.0,0.0,false,0.0,0.0,0.0,false,0.0,0.0,0.0
8.74816,5.580067,true,17988.439453125,336427.75,1.36149e6,false,0.0,0.0,0.0,false,0.0,0.0,1.5397754907608032,false,0.0,0.0,0.0
-0.6548889,53.5941389,true,421089.4375,2.2068975e6,5.7306455e6,false,9.362552642822266,17.346939086914062,26.20290756225586,false,0.0,0.0,0.0,false,41.96344757080078,114.36442565917969,159.1405487060547
-90.85,29.38,true,18351.5703125,179619.046875,275791.90625,true,671.4888916015625,1336.922119140625,1945.5802001953125,false,0.0,16.4500675201416,43.83641052246094,false,0.0,0.0,0.0
-43.695556,-22.968889,true,1.7334315e6,9.294632e6,1.3316971e7,false,0.0,0.0,0.0,false,27.972646713256836,31.04388427734375,69.72564697265625,false,18.67240333557129,20.444782257080078,26.260478973388672
99.835438,6.467602,true,107612.453125,522107.625,1.33710525e6,false,0.0,0.0,0.0,false,67.65813446044922,331.79473876953125,423.31268310546875,false,0.0,0.0,0.0
93.991157,19.391839,true,74365.8828125,378258.65625,625819.0,false,0.0,0.0,0.0,false,491.109375,929.764892578125,1337.12548828125,false,0.0,0.0,0.0
98.565921,9.566958,true,57858.84765625,375186.3125,665773.125,false,0.0,0.0,0.0,true,134.07113647460938,248.32383728027344,451.1697998046875,false,0.0,0.0,0.0
100.64567,4.676744,true,245320.390625,1.10094275e6,2.4673325e6,false,0.0,0.0,0.0,false,329.320556640625,424.7314147949219,439.2486267089844,false,0.0,0.0,0.0
80.990543,8.893947,true,73425.015625,363259.4375,853758.375,false,0.0,0.0,0.0,false,2.4091174602508545,16.129192352294922,23.185514450073242,false,0.0,0.0,0.0
88.195447,21.676063,true,853922.125,3.0931995e6,8.859316e6,false,0.0,0.0,0.0,false,96.716552734375,453.846435546875,1208.6380615234375,false,0.0,0.0,0.0
96.211389,5.205313,true,250896.65625,631000.875,1.021404625e6,false,0.0,0.0,0.0,false,0.0,0.0,0.0,false,0.0,0.0,0.0
90.3563,23.685,true,1.9381448e7,3.099442e7,4.4619392e7,false,0.0,0.0,0.0,false,0.0,0.0,0.0,false,0.0,0.0,0.0
79.83,7.22,true,1.481149e6,5.872896e6,8.683825e6,false,0.0,0.0,0.0,false,1.362632155418396,8.998632431030273,9.577205657958984,false,2.0522706508636475,6.471120834350586,25.070743560791016
103.62,10.57,true,199163.84375,293812.1875,580521.5,false,0.0,0.0,0.0,false,50.31195068359375,113.49760437011719,374.134521484375,false,0.0,0.0,0.0
-9.669779,30.075873,true,190467.15625,1.7600235e6,2.2143965e6,false,0.0,0.0,0.0,false,0.0,0.0,0.0,true,7.739437580108643,18.521326065063477,25.404563903808594
-77.5,18.25,true,272042.03125,1.028494875e6,1.98945475e6,false,0.0,0.0,0.0,false,0.0,17.061214447021484,75.18939208984375,false,0.0,0.0,0.0
100.68,4.82,true,350120.1875,1.1535305e6,3.41456525e6,false,0.0,0.0,0.0,false,355.05377197265625,423.91033935546875,439.4241638183594,false,0.0,0.0,0.0
105.15,8.95,true,533816.6875,1.421689375e6,2.20708525e6,false,0.0,0.0,0.0,false,216.58612060546875,704.7134399414062,828.0382690429688,false,0.0,0.0,0.0
-61.1,10.6,true,207700.296875,1.056452875e6,1.43215075e6,false,0.0,0.0,0.0,false,9.573509216308594,59.019371032714844,70.46552276611328,false,0.0,0.0,0.0
68.267781,26.106303,true,1.12738025e6,2.82345075e6,5.263258e6,false,0.0,0.0,0.0,false,0.0,0.0,0.0,false,0.0,0.0,0.0
68.011653,23.988299,true,7902.1787109375,373384.5,918235.75,false,0.0,0.0,0.0,false,86.98480224609375,224.03073120117188,340.7066345214844,false,431.71270751953125,1160.723388671875,1900.3685302734375
55.066667,26.866667,true,7028.92578125,69867.546875,153301.90625,false,0.0,0.0,0.0,false,0.0,6.649925231933594,66.44044494628906,false,2.1783599853515625,72.27337646484375,255.56585693359375
78.656891,11.127123,true,724806.0,4.1987765e6,9.235848e6,false,0.0,0.0,0.0,false,0.0,0.0,0.0,false,0.0,0.0,0.0
138.59863,-34.92866,true,1.15657675e6,1.4066555e6,1.50265725e6,false,0.0,5.087404251098633,7.183473587036133,false,16.452167510986328,32.419166564941406,32.419166564941406,false,0.0,0.0,0.0
119.9278,12.158619,true,41509.04296875,118850.984375,131872.609375,false,0.0,0.0,0.0,true,23.96101951599121,51.076141357421875,52.303802490234375,false,0.0,0.0,0.0
-41.0505,-21.63733,true,66000.1484375,566559.125,751862.875,false,0.0,0.0,0.0,false,4.326923370361328,5.046915054321289,5.696197509765625,false,5.9006452560424805,9.000646591186523,13.421648979187012
86.727,20.435,true,830211.625,2.9799435e6,6.4590925e6,false,0.0,0.0,0.0,false,45.185768127441406,143.8849639892578,176.55987548828125,false,0.0,0.0,0.0
85.34,19.74,true,523671.0,2.2146175e6,6.05566e6,false,0.0,0.0,0.0,false,0.0,0.0,0.0,false,0.0,0.0,0.0
3.0,42.68,true,403353.375,615439.0625,1.00664675e6,true,16.946651458740234,41.58685302734375,78.2476577758789,false,0.0,0.0,0.0,false,6.6159162521362305,32.225250244140625,36.276344299316406
119.868,16.287,true,340199.125,585461.625,2.973035e6,false,0.0,0.0,0.0,false,0.5026307106018066,2.9123024940490723,5.549217700958252,false,0.0,0.0,0.0
17.1,58.67,true,63115.9921875,130737.3828125,546406.875,false,4.581966400146484,15.584551811218262,19.245506286621094,false,0.0,0.0,0.0,false,1.570268988609314,7.025237083435059,9.396896362304688
139.55,-36.033333,true,118.80502319335938,2315.03466796875,4931.619140625,false,25.972366333007812,64.05963134765625,83.09671020507812,false,0.07652224600315094,0.07652223855257034,0.07652225345373154,false,0.0,0.0,0.0
-1.46708,52.56438,true,1.600983875e6,6.296462e6,9.368036e6,false,0.0,0.0,0.0,false,0.0,0.0,0.0,false,0.0,0.0,0.0
102.221389,12.454722,true,295334.28125,671429.0625,1.3259465e6,false,0.0,0.0,0.0,false,196.31655883789062,312.9783020019531,371.7774658203125,false,0.0,0.0,0.0
90.037766,21.884576,true,430685.84375,1.4981635e6,3.6506695e6,false,0.0,0.0,0.0,true,155.81887817382812,1278.1605224609375,2785.649169921875,false,0.0,0.0,0.0
89.935375,21.987739,true,393917.96875,1.79303125e6,4.4805725e6,false,0.0,0.0,0.0,true,549.8784790039062,1842.8402099609375,3543.05615234375,false,0.0,0.0,0.0
90.148073,21.80898,true,293780.40625,1.2198835e6,3.2176415e6,false,0.0,0.0,0.0,false,54.942474365234375,645.8385009765625,1976.1715087890625,false,0.0,0.0,0.0
91.712179,22.488169,true,5.40735e6,7.969944e6,1.3237562e7,false,0.0,0.0,0.0,false,7.344124794006348,38.0601806640625,75.20264434814453,false,0.0,0.0,0.0
91.507598,22.710747,true,1.156215e6,8.0130305e6,1.6772093e7,false,0.0,0.0,0.0,true,35.33611297607422,37.42407989501953,84.93917846679688,false,0.0,0.0,0.0
90.636177,21.937301,true,311293.0625,1.733039125e6,4.674144e6,false,0.0,0.0,0.0,false,176.05055236816406,295.2535705566406,400.4611511230469,false,0.0,0.0,0.0
91.12438,22.144656,true,487553.96875,1.63102825e6,6.3869225e6,false,0.0,0.0,0.0,true,81.19900512695312,145.46066284179688,327.3519592285156,false,0.0,0.0,0.0
-149.833333,-17.533333,true,51575.18359375,191141.765625,226122.078125,false,0.0,0.0,0.0,false,0.21289043128490448,0.24559609591960907,0.4009794592857361,false,0.0,0.0,0.0
-4.666667,51.166667,true,1392.006103515625,152374.53125,651347.625,false,0.0,2.1369199752807617,46.03927993774414,false,0.0,0.0,0.0,false,4.072488307952881,42.10137176513672,204.99868774414062
33.84567,27.244073,true,207587.828125,228093.84375,271978.0625,false,0.0,0.0,0.0,false,0.3359787166118622,0.3359787166118622,0.6963394284248352,false,5.465923309326172,14.060699462890625,41.76166915893555
-77.112,17.694,true,56398.02734375,1.163614e6,1.9341305e6,false,0.0,0.0,0.0,false,38.96443176269531,51.89094543457031,52.68352508544922,false,0.0,0.0,0.0
120.0,-5.0,true,199982.328125,1.08807025e6,5.0251855e6,false,0.0,0.0,0.0,false,0.0,6.080569744110107,9.27027702331543,false,0.0,0.0,0.0
-75.2479,39.1202,true,61847.28125,514622.5625,1.596034e6,false,241.28167724609375,642.0557861328125,854.45166015625,false,0.0,0.0,0.0,false,0.0,0.0,0.0
118.63592,9.506897,true,77728.484375,379905.21875,460832.1875,false,0.0,0.0,0.0,false,31.084115982055664,63.993309020996094,92.64353942871094,false,0.0,0.0,0.0
124.1671,10.2004,true,544818.25,3.85715875e6,5.8434025e6,false,0.0,0.0,0.0,true,40.20616912841797,75.0153579711914,128.73309326171875,false,0.0,0.0,0.0
-71.0,-34.0,true,55198.9375,1.34949875e6,7.6210885e6,false,0.0,0.0,0.0,false,0.0,0.0,0.0,false,0.0,0.0,0.0
4.659819,43.35399,true,29262.08203125,549351.875,3.1179015e6,false,196.51007080078125,332.90472412109375,363.09051513671875,false,0.0,0.0,0.0,false,132.6357421875,174.04144287109375,177.6217041015625
-160.0,21.0,true,0.0,0.0,0.0,false,0.0,0.0,0.0,false,0.0,0.0,0.0,false,0.0,0.0,0.0
-63.069228,18.017626,true,89793.9140625,104439.953125,113837.9375,false,0.0,0.0,0.0,false,0.008164538070559502,0.008164538070559502,0.008164538070559502,false,0.0,0.0,0.0
79.833333,6.916667,true,3.5804445e6,6.303465e6,8.560824e6,false,0.0,0.0,0.0,false,0.042600251734256744,0.6644770503044128,9.41682243347168,false,0.5540367960929871,2.9494876861572266,7.444633483886719
110.33,1.55,true,886278.5,1.0210904375e6,1.1680205e6,false,0.0,0.0,0.0,false,255.6923828125,344.00897216796875,371.2580871582031,false,0.0,0.0,0.0
143.218889,-34.728611,true,409.23193359375,7190.83544921875,18206.146484375,false,0.0,0.0,0.0,false,0.0,0.0,0.0,false,0.0,0.0,0.0
138.92,-34.7,true,225829.6875,1.217573375e6,1.4500035e6,false,0.0,1.73017418384552,5.087403774261475,false,0.0,28.078493118286133,32.419166564941406,false,0.0,0.0,0.0
-6.27,34.85,true,215492.515625,1.081070125e6,2.460568e6,false,0.0,0.0,0.0,false,0.0,0.0,0.0,true,22.08705711364746,33.0806770324707,43.946022033691406
-81.631667,28.133333,true,412859.96875,1.7581705e6,3.853706e6,false,0.0,0.0,0.0,false,0.0,0.0,0.0,false,0.0,0.0,0.0
-82.756,28.1191,true,947491.25,2.649316e6,3.518422e6,false,13.52774715423584,40.10346221923828,111.63629150390625,false,8.538802146911621,22.332080841064453,48.28247833251953,false,0.0,0.0,0.0
-80.597,28.0387,true,346935.5625,635209.75,991237.125,false,0.06066077575087547,5.33463191986084,55.312923431396484,false,1.5024534463882446,11.19300651550293,22.570165634155273,false,0.0,0.0,0.0
-121.8398,36.8994,true,310772.34375,1.7781795e6,3.005824e6,false,4.358356952667236,4.495423316955566,26.232711791992188,false,0.0,0.0,0.0,false,0.0,0.0,0.0
-75.8738,36.555,true,25455.93359375,840203.125,1.428476375e6,false,90.75325775146484,138.21058654785156,259.4346618652344,false,0.0,0.0,0.0,false,0.0,0.0,0.0
-4.0,57.0,true,7494.5234375,32994.0859375,289017.5625,false,0.0,0.0,3.0991640090942383,false,0.0,0.0,0.0,false,0.0,0.0,35.841896057128906
-3.6554167,53.9253056,true,0.0,374028.75,2.2765525e6,false,0.0,20.76991844177246,81.85810852050781,false,0.0,0.0,0.0,false,0.0,281.39984130859375,565.5311279296875
-1.4559167,50.8202222,true,1.0153754375e6,2.36548225e6,3.6853095e6,false,16.65635108947754,33.789241790771484,33.90309143066406,false,0.0,0.0,0.0,false,41.913482666015625,106.52128601074219,115.04527282714844
-83.57231,8.87067,true,23689.830078125,127125.546875,325157.875,false,0.0,0.0,0.0,true,149.40805053710938,156.25733947753906,175.9559326171875,false,0.0,0.0,0.0
43.2333,-22.0667,true,3756.96240234375,38313.51953125,198356.5,false,0.0,0.0,0.0,false,33.011985778808594,49.59718704223633,73.75700378417969,false,57.42918014526367,84.80799102783203,114.04023742675781
99.374391,10.551738,true,153872.84375,339923.53125,587341.1875,false,0.0,0.0,0.0,false,0.9959390759468079,35.85373306274414,50.81501007080078,false,0.0,0.0,0.0
101.033333,15.35,true,141146.21875,551287.9375,1.63206175e6,false,0.0,0.0,0.0,false,0.0,0.0,0.0,false,0.0,0.0,0.0
100.08495,13.037758,true,267052.34375,616054.75,2.32321925e6,false,0.0,0.0,0.0,false,12.659141540527344,73.18695068359375,95.89380645751953,false,0.0,0.0,0.0
-91.55,18.62,true,53502.79296875,226743.5,301178.1875,false,0.0,2.890869140625,18.438385009765625,false,104.42567443847656,727.1605224609375,1146.032470703125,false,0.0,0.0,0.0
103.17,1.65,true,156908.15625,1.048990875e6,4.678259e6,false,0.0,0.0,0.0,false,24.18683624267578,97.79084777832031,172.36880493164062,false,0.0,0.0,0.0
103.06,11.28,true,6877.1806640625,58605.28125,115315.0,false,0.0,0.0,0.0,false,132.92080688476562,330.4735107421875,448.1969909667969,false,0.0,0.0,0.0
103.017,11.417,true,31716.90234375,68004.2890625,112490.234375,false,0.0,0.0,0.0,false,185.10330200195312,229.1591796875,389.77459716796875,false,0.0,0.0,0.0
103.06,11.47,true,36867.609375,70533.34375,114775.96875,false,0.0,0.0,0.0,true,195.8650665283203,230.62278747558594,393.2956237792969,false,0.0,0.0,0.0
10.246916,56.562151,true,129848.0078125,655408.1875,1.233343e6,false,12.632810592651367,15.643179893493652,36.14084243774414,false,0.0,0.0,0.0,false,31.937978744506836,57.697994232177734,118.21173858642578
123.764935,9.543896,true,264482.4375,983044.8125,2.6232425e6,false,0.0,0.0,0.0,false,7.16886043548584,26.314748764038086,57.37971115112305,false,0.0,0.0,0.0
123.931307,10.260535,true,2.932268e6,4.390668e6,6.111437e6,false,0.0,0.0,0.0,false,8.736763000488281,67.45657348632812,103.42432403564453,false,0.0,0.0,0.0
120.923848,13.75722,true,1.08465175e6,3.665812e6,1.0914036e7,false,0.0,0.0,0.0,false,0.0,10.064178466796875,29.936145782470703,false,0.0,0.0,0.0
102.75283,5.89447,true,41600.44140625,402086.5,1.6701575e6,false,0.0,0.0,0.0,false,2.7851614952087402,5.3998565673828125,12.032332420349121,false,0.0,0.0,0.0
76.5999976,8.9833294,true,3.34009e6,6.4231995e6,1.1894305e7,false,0.0,0.0,0.0,false,0.44942739605903625,0.5002877116203308,0.5002877712249756,false,30.717933654785156,48.06648635864258,56.96096420288086
39.900278,-7.751944,true,25151.48046875,57445.515625,88881.671875,false,0.0,0.0,0.0,false,17.88938331604004,28.212635040283203,322.090087890625,true,73.07574462890625,195.3491973876953,416.7149658203125
53.75,36.8833,true,74034.5703125,535942.5,1.8276485e6,false,0.0,0.0,0.0,false,0.0,0.0,0.0,false,0.0,0.0,0.0
160.44635,-9.718747,true,28696.392578125,87374.765625,233121.03125,false,0.0,0.0,0.0,false,0.16069883108139038,10.586369514465332,17.7076416015625,false,0.0,0.0,0.0
-60.817,11.183,true,63924.94921875,74372.1484375,138009.734375,false,0.0,0.0,0.0,false,1.1372305154800415,1.1456494331359863,4.546717166900635,false,0.0,0.0,0.0
-61.08,13.866,true,156716.75,179237.0,271210.0,false,0.0,0.0,0.0,false,1.3260302543640137,1.5509169101715088,5.849196434020996,false,0.0,0.0,0.0
7.44084,4.53231,true,1.6757495e6,4.427286e6,1.1838404e7,false,0.0,0.0,0.0,false,295.2613830566406,798.2721557617188,1594.1724853515625,false,138.19485473632812,273.1376037597656,387.52496337890625
6.313792,4.800742,true,962455.625,2.93206825e6,6.413562e6,false,0.0,0.0,0.0,false,56.100555419921875,1550.576171875,3864.626953125,false,0.0,122.61300659179688,405.74627685546875
6.312545,4.57235,true,349663.25,2.1023465e6,4.6131915e6,false,0.0,0.0,0.0,false,901.5081176757812,2290.6689453125,3876.799560546875,false,85.99200439453125,303.51904296875,433.0093994140625
119.49,16.21,true,0.0,237687.28125,559871.625,false,0.0,0.0,0.0,false,0.0,0.4036972224712372,0.5191532373428345,false,0.0,0.0,0.0
100.73333,4.8499999,true,402812.25,1.45384375e6,3.4198645e6,false,0.0,0.0,0.0,false,296.43243408203125,423.0033874511719,439.0302429199219,false,0.0,0.0,0.0
124.65202,10.534433,true,170801.171875,939681.4375,2.61535225e6,false,0.0,0.0,0.0,false,4.4825825691223145,28.422447204589844,91.76695251464844,false,0.0,0.0,0.0
66.271905,25.558805,true,1188.7044677734375,84776.015625,187428.90625,false,0.0,0.0,0.0,false,26.66078758239746,41.10076141357422,41.10076141357422,true,231.59170532226562,280.11944580078125,290.07659912109375
79.8283,8.0362,true,279722.4375,750279.125,2.027105625e6,false,0.0,0.0,0.0,false,10.591191291809082,19.504711151123047,27.87283706665039,false,24.363679885864258,32.80168151855469,37.29682159423828
-112.0,28.0,true,0.0,0.0,1534.377685546875,false,0.0,0.0,0.0,false,0.0,0.0,0.17407451570034027,false,0.0,0.0,0.0
