Longitude,Latitude,is_population,population_in_25_km_radius,population_in_50_km_radius,population_in_75_km_radius
8.694,53.862,true,101182.5234375,557353.25,1.488210625e6
7.333333,53.7,true,111903.15625,417377.53125,1.183246125e6
4.883334,52.366668,true,2.3410005e6,5.630215e6,9.121238e6
-63.15,17.381,true,4861.7958984375,39807.2578125,97135.3671875
6.6,52.85,true,349008.21875,1.56869375e6,3.6080485e6
5.8975,50.9455,true,1.2973985e6,4.04481425e6,8.851078e6
5.9704,52.1508,true,825587.375,3.206039e6,7.158299e6
14.106008,40.61004,true,232504.34375,3.574646e6,4.942205e6
-88.7,17.066667,true,39908.94140625,131463.96875,299164.125
-59.22,-51.73,true,46.51392364501953,68.61457061767578,408.4222412109375
-80.375481,-2.663256,true,91274.65625,135298.375,1.521305875e6
38.7,-5.34,true,262385.21875,858670.5625,1.793396625e6
-45.0,47.0,true,0.0,0.0,0.0
-80.5,19.5,true,0.0,262.22900390625,2370.04296875
20.0,58.0,true,0.0,343.4731140136719,2826.80517578125
26.0995,60.1384,true,832.9368896484375,78292.890625,1.31064375e6
121.666667,19.25,true,7231.671875,18996.591796875,20820.076171875
122.137,13.397,true,96970.578125,588393.875,1.234068e6
114.2833,11.0522,true,0.0,0.0,0.0
118.93,10.227,true,15181.748046875,146870.4375,422402.375
120.196,16.275,true,258169.875,3.44081125e6,5.3369445e6
126.566,33.227,true,213895.609375,501125.84375,501126.125
168.017,-16.63,true,6708.263671875,23846.77734375,39741.359375
-61.2872,12.9843,true,61898.3125,104632.0,109958.0078125
-61.355,12.6333,true,9774.01171875,16447.2734375,164627.46875
107.73,20.13,true,978.1829223632812,978.1829833984375,994.4135131835938
107.34,17.16,true,85.37724304199219,436406.0625,951752.0
103.49,9.31,true,872.8357543945312,872.835693359375,872.835693359375
4.8057,5.5902,true,0.0,228415.53125,498837.34375
119.5,-4.75,true,342769.1875,2.43124e6,3.702172e6
-66.5,18.25,true,414807.75,1.83923725e6,3.12778625e6
-63.109,18.052,true,90511.3515625,104357.46875,109321.78125
-162.0,-17.0,true,0.0,0.0,0.0
-87.913,19.596,true,37223.88671875,56675.22265625,93442.0
-88.288,17.337,true,101941.484375,142964.8125,211327.265625
-85.437,16.014,true,9977.353515625,77085.8125,235491.46875
-105.222222,20.645833,true,441097.0,511756.46875,612898.8125
101.8519,2.4069,true,141686.40625,1.44132225e6,4.411812e6
147.7,-18.283333,true,0.0,0.0,0.0
119.1144,-4.8756,true,1589.401611328125,1.241108625e6,3.1133185e6
120.7798,21.9483,true,36795.9296875,56287.8125,364674.625
-81.2079,29.5845,true,148292.421875,490351.59375,1.021470625e6
-157.9868,21.473,true,774155.875,1.0344415e6,1.0344415625e6
-75.75,10.166667,true,12444.880859375,1.1661455e6,1.41726975e6
110.4396,-5.8489,true,4449.509765625,4711.091796875,16388.353515625
114.0453,-7.2025,true,145156.9375,939868.1875,2.650081e6
106.5805,-5.545,true,14385.529296875,18632.73046875,7.8827635e6
126.4983,33.489,true,232898.421875,501129.875,503722.8125
118.9542,-4.7014,true,883.0863037109375,1957.252197265625,1.23810075e6
119.4629,-4.7668,true,330972.9375,2.595229e6,3.6681085e6
119.2346,-4.8113,true,4316.5908203125,2.241988e6,3.2400795e6
121.774,12.8797,true,5132.47021484375,525485.3125,1.128259625e6
121.1023,10.9534,true,43513.64453125,52927.15625,68153.125
12.9,54.466667,true,87944.9375,219907.03125,667260.75
8.646408,54.456302,true,24368.46484375,254756.875,791961.75
-81.1420627,7.8010445,true,20871.587890625,188146.703125,334769.5625
-81.7831971,7.3103559,true,64.63417053222656,86.6144027709961,7876.7138671875
-86.7434479,12.8563647,true,71395.328125,773033.375,1.5697745e6
-87.132311,15.7750233,true,96053.140625,504473.1875,859298.25
-80.8809186,-5.5448178,true,114435.1875,666282.125,1.05028775e6
-69.6667187,19.1665479,true,93012.171875,504527.0625,2.1771855e6
-76.9670489,21.4414713,true,38957.4921875,198357.6875,698610.8125
-85.1586576,10.102141,true,42125.265625,293768.3125,647984.125
-84.8140026,9.7262165,true,31252.97265625,246619.578125,1.189078875e6
-105.4590828,21.9076305,true,93803.78125,271775.625,664273.5625
-112.1016487,25.3716987,true,3578.9296875,22788.66015625,98586.734375
-78.9063101,1.283649,true,63188.8125,139619.78125,311257.8125
-80.2448004,-2.6244597,true,91998.9609375,151455.328125,3.47105225e6
-79.6246771,-2.4195025,true,80834.515625,3.082621e6,4.356777e6
-79.9667,-2.2,true,3.2168365e6,3.79752375e6,4.610761e6
-79.744,-2.509,true,73987.5,3.0027485e6,4.140278e6
-78.186249,2.968728,true,108.16470336914062,8961.69921875,121233.25
-74.0657025,11.3067039,true,508108.46875,671145.5,749651.9375
-81.7073435,12.5449786,true,76212.125,76216.53125,76216.53125
-78.7903328,1.7876052,true,132473.03125,183056.0,322839.03125
-74.416667,10.866667,true,110747.21875,3.071557e6,3.493713e6
-77.431,5.84148,true,6695.8818359375,31092.40234375,64988.1796875
-78.2654387,2.4875401,true,74601.359375,125070.921875,179172.1875
-73.1211249,11.3712304,true,35303.43359375,359778.1875,579915.1875
-74.4199072,10.9677291,true,127461.015625,3.0495665e6,3.4452645e6
-76.5469069,3.7186564,true,228088.84375,3.478285e6,4.595582e6
-77.234,6.0208,true,8493.951171875,37186.0234375,173360.046875
-75.5751,6.2074,true,3.69919e6,4.286894e6,4.7338275e6
-68.261944,12.185278,true,19271.216796875,19271.21875,163402.59375
128.43,-3.1027,true,29794.189453125,185589.296875,1.014244625e6
4.233333,51.333333,true,1.23825425e6,3.8849465e6,9.591776e6
-62.976667,17.490278,true,14784.138671875,50353.859375,141378.78125
-63.234722,17.630556,true,2019.986328125,40177.7890625,142451.203125
4.215833,51.771667,true,1.07992275e6,4.293726e6,8.1875965e6
116.785,1.2283,true,39805.62890625,66862.734375,90614.0546875
112.2384,-7.5361,true,2.2599635e6,7.832804e6,2.0643192e7
5.1511,53.1697,true,37595.7109375,511853.1875,1.4800155e6
4.883333,52.366667,true,2.34104e6,5.630228e6,9.121224e6
124.0,10.25,true,2.7809385e6,4.344412e6,6.004239e6
80.110278,6.147222,true,857775.5,2.060045125e6,4.4560665e6
105.09085,8.692626,true,181258.03125,711918.9375,1.41216275e6
99.33311,9.14011,true,347584.875,678680.5,1.097428625e6
145.45,15.15,true,1.869828462600708,47352.7109375,47352.7109375
-64.75,18.33,true,76927.625,83493.046875,134196.9375
123.72109,8.434416,true,400847.28125,1.5309125e6,3.4258195e6
-88.390154,16.129827,true,68.84998321533203,59184.27734375,570319.125
127.7974,-4.8312298,true,0.0,0.0,26.08438491821289
119.54602,-4.735836,true,365196.3125,2.1135675e6,3.750557e6
119.48846,-4.743932,true,337822.5625,2.3633135e6,3.67074475e6
119.49194,-4.765257,true,350936.375,2.5782985e6,3.7142345e6
119.49195,-4.982444,true,2.17070025e6,3.09066875e6,3.911616e6
101.11758,4.69395,true,1.0049996875e6,1.617232e6,2.168256e6
-61.0,14.666667,true,351213.40625,370391.0,461984.8125
-90.07,29.8,true,696979.5,1.022731375e6,1.41746375e6
-91.55,18.616664,true,51774.5546875,226872.8125,301500.875
-90.5,-0.5,true,937.537109375,20934.201171875,23994.9921875
-51.976979,-0.690871,true,1261.5506591796875,7387.1318359375,95627.6640625
-51.406,3.704,true,2404.814208984375,27418.55078125,34090.9765625
-50.203,1.587,true,4.692750930786133,1484.8485107421875,8896.513671875
36.2833,-18.8333,true,14064.671875,55304.55078125,224275.4375
95.1,15.8333,true,76990.2265625,321402.375,1.322282875e6
-102.5528,23.6345,true,14280.4130859375,54901.4375,432793.03125
39.9568,3.3592,true,132365.65625,520046.5,985946.5
106.8635,10.5083,true,603523.3125,1.3717804e7,1.9510406e7
160.1562,-9.6457,true,45692.3359375,213132.59375,268687.375
-78.9167,20.8333,true,10.433060646057129,547.5804443359375,4839.93359375
178.1069,-18.3763,true,20492.91796875,181264.96875,422709.125
40.3648,2.5648,true,43270.5859375,311076.90625,803434.75
-80.555,25.7459,true,831645.125,3.4998335e6,4.7156465e6
-75.4944,10.4458,true,1.1485675e6,1.34673475e6,1.71336575e6
97.640833,8.6525,true,87.93234252929688,87.93234252929688,47788.0234375
-2.8594,54.084,true,312677.875,1.367743375e6,4.238434e6
1.3,52.933333,true,100016.3125,631490.5,1.081387125e6
-1.8009,55.6808,true,29033.630859375,99743.6328125,514078.5625
147.6992,-18.2871,true,0.0,0.0,0.0
38.5126,20.2802,true,0.0,0.0,0.0
109.305785,12.167487,true,578080.625,1.06239875e6,1.577164875e6
-76.1,37.8,true,6578.1083984375,91742.890625,347424.125
-75.818333,14.525556,true,0.0,0.0,0.0
-88.0333333,16.5666667,true,75.52459716796875,40811.3359375,59731.265625
-88.3713,16.5212,true,31143.2734375,40238.3828125,77383.953125
98.7784,7.7407,true,3334.18017578125,544876.9375,1.186518e6
-87.167,20.5536,true,336274.9375,415006.0,803756.875
-60.9789,13.9094,true,179237.0,179237.0,294309.75
8.4689,60.472,true,8947.4130859375,23897.46484375,48391.5546875
-97.052684,27.836461,true,40066.67578125,380243.25,448561.0
-156.6385,21.0139,true,80879.34375,158780.34375,162279.296875
-157.806,21.262,true,727888.5,1.02876775e6,1.035557e6
-157.6938,21.269,true,538633.75,978086.375,1.040061125e6
-157.694444,21.271389,true,541027.1875,978516.125,1.039899e6
119.8675,8.953333,true,0.0,0.0,0.0
99.6519,6.6487,true,9786.8037109375,344157.75,693158.875
98.7818,8.0481,true,115138.2890625,680383.25,1.4694275e6
99.666,9.6583,true,0.0,89452.578125,577126.25
97.8776,9.4511,true,3.6494333744049072,60.251670837402344,51074.7421875
99.0992,7.4704,true,20304.470703125,170958.203125,725731.625
102.2693,12.1247,true,35672.34765625,252137.125,658606.8125
97.6467,8.6579,true,87.93234252929688,87.93234252929688,49883.0234375
101.4654,12.5733,true,166198.5625,871938.6875,1.933790125e6
98.3019,8.1106,true,492666.0,939424.875,1.1554955e6
-59.4876,13.0801,true,264831.375,280693.0,280693.0
-86.8755,20.8478,true,12137.673828125,1.06006725e6,1.103954125e6
-87.024722,20.293611,true,75327.25,387011.6875,405056.21875
-170.6950175,-14.3064071,true,45074.05078125,45074.046875,45074.046875
-68.2937,12.1717,true,19271.21875,19271.21875,196797.15625
-75.6281,9.4124,true,123955.5625,906065.625,1.668482625e6
-77.2924,5.6797,true,11053.556640625,44422.37890625,223383.8125
165.618042,-20.904305,true,555.1409912109375,9121.3466796875,17148.66015625
164.7,-20.96667,true,8143.09033203125,15789.953125,32534.052734375
-65.56805,18.348611,true,90385.8671875,758797.125,1.823972e6
-64.618103,18.436539,true,34169.55078125,83794.65625,85948.359375
104.61375,-2.391635,true,75233.9375,165914.625,2.702332e6
103.015,5.775,true,2106.757080078125,250633.9375,827673.3125
48.5,30.25,true,147337.96875,519416.5,2.26619075e6
100.04,6.0625333,true,3.548989772796631,918975.875,2.0338675e6
-78.339386,18.311018,true,124363.6015625,318564.59375,521597.40625
-83.583333,43.916667,true,10652.6708984375,180573.03125,553006.125
122.877,11.323,true,570915.0,1.885917e6,4.218037e6
-81.24,24.68,true,17647.12890625,24834.853515625,58749.3984375
-69.683,18.448,true,2.13707775e6,5.208396e6,6.011855e6
39.344444,-6.155,true,1.09799425e6,1.3005455e6,4.13582175e6
39.729,-4.022,true,1.749392625e6,2.4555905e6,2.9292615e6
124.65,1.666667,true,5155.3974609375,964103.5,1.694838625e6
79.8472222,7.1536111,true,2.4942115e6,6.337439e6,8.886342e6
145.7703,-16.9225,true,174588.578125,207362.6875,239936.59375
117.92067,24.438543,true,3.58791125e6,6.1662575e6,9.238202e6
113.6333,22.7667,true,4.592037e6,2.4718544e7,5.303754e7
122.32209,11.575564,true,517379.5,1.29394075e6,2.3764625e6
72.619218,21.336988,true,2.65056875e6,7.567056e6,1.15672e7
72.245543,21.771243,true,954945.6875,1.771263875e6,3.682594e6
72.866841,22.233232,true,1.25917125e6,6.234252e6,9.955006e6
68.496712,23.602057,true,26951.283203125,112689.109375,235940.09375
72.680006,21.462605,true,74847.9765625,8.30249e6,1.1695485e7
73.785614,22.958684,true,1.085950125e6,4.559546e6,9.050744e6
72.71301,21.139172,true,6.7028435e6,8.296419e6,1.1663358e7
-0.786,37.7702,true,383625.375,1.4128235e6,2.42957725e6
-64.75,32.333333,true,64031.0,64030.99609375,64031.0
39.501369,-4.438543,true,255801.125,1.510176375e6,2.8018405e6
89.42,22.05,true,25763.01171875,812146.25,4.509952e6
39.363889,-7.773889,true,27023.0390625,269652.6875,479912.53125
38.85,-5.4,true,144940.90625,829257.5,1.583714625e6
25.0,-30.0,true,913.0843505859375,23252.97265625,47073.4453125
36.25,-18.75,true,21941.013671875,77303.90625,246371.15625
107.869912,16.319709,true,265876.1875,1.9012075e6,2.88440125e6
107.4973,16.6202,true,769658.5,1.30514175e6,1.637477125e6
106.33,10.31,true,1.65117825e6,5.050855e6,1.7504888e7
105.98,20.25,true,1.612086375e6,5.928678e6,1.115889e7
45.138333,-12.843056,true,305579.9375,305587.0,305587.0
109.23736,13.83231,true,712529.375,1.209294e6,1.78379225e6
109.24315,13.803283,true,700486.5,1.21332e6,1.7479235e6
12.3,44.92,true,96397.96875,457616.125,2.44400375e6
76.25,10.03,true,3.7496165e6,7.43284e6,1.2354714e7
153.37,-29.43,true,18962.046875,38118.5625,155786.78125
151.78,-32.9,true,415530.15625,696188.0625,926919.375
-15.5997222,27.965,true,812653.3125,865492.5625,865492.5
122.0,13.0,true,20134.08984375,176214.96875,990166.5
-158.0,21.5,true,677711.9375,1.0344415e6,1.0344415e6
117.355,-0.645815,true,210122.828125,1.641026625e6,1.80074975e6
123.198,13.722,true,1.021875875e6,2.37518875e6,3.65986925e6
146.65,-35.1,true,1531.236083984375,10139.58203125,90383.125
74.379876,14.492964,true,344527.65625,810294.125,1.503974e6
-170.0,-14.33,true,0.0,278.94677734375,13428.966796875
34.2539,28.278,true,654.20263671875,100858.453125,144789.65625
38.0,22.0,true,0.0,0.0,0.0
34.234,27.742,true,48713.59375,86532.171875,268617.9375
-3.202136,54.080854,true,204926.25,895689.5,2.757085e6
5.23,53.23,true,54519.98046875,458251.875,1.3444795e6
-35.24958,-5.52749,true,349223.875,1.5855555e6,1.857287875e6
18.73581,59.38778,true,72413.203125,1.96248375e6,2.5020735e6
34.082,0.038,true,452957.15625,2.304438e6,5.699577e6
15.08,36.78,true,136152.21875,515065.21875,806248.875
110.36522,1.544765,true,879837.5,1.034039375e6,1.166041125e6
98.6,8.283333,true,107727.109375,768630.0,1.44796275e6
121.07,-6.62,true,1938.415283203125,8826.052734375,32380.76953125
83.25,41.0333333,true,11797.279296875,200141.8125,515864.1875
72.663148,21.257534,true,6.6446145e6,8.04728e6,1.110075e7
99.32,9.13,true,349224.875,684087.25,1.09833575e6
124.216667,9.884444,true,426468.15625,1.38026175e6,4.865234e6
124.285,10.257,true,184641.46875,3.40643825e6,5.54914e6
133.416667,-2.333333,true,3449.193359375,57162.9140625,70311.1171875
121.687,13.972,true,818056.125,2.8327045e6,6.975741e6
-105.57,20.699,true,22329.3359375,474239.8125,533410.0
-109.421,23.389,true,737.553955078125,183628.78125,329504.9375
116.25,-8.25,true,205045.78125,2.26340625e6,3.74936425e6
-2.9,50.7,true,129990.9375,902048.25,2.06174725e6
-83.761,44.0185,true,20141.724609375,161878.296875,529643.25
80.786095,6.012671,true,548932.0,1.731188125e6,3.0264315e6
80.825093,6.045905,true,523509.6875,1.691224375e6,3.0027295e6
80.820871,6.041371,true,520675.375,1.69374325e6,3.00216675e6
80.854184,6.062529,true,504365.4375,1.669315e6,2.94522975e6
-61.464033,10.59141,true,863977.6875,1.357185e6,1.44830425e6
74.398499,14.494051,true,351435.5625,884153.5,1.53586925e6
89.2385,22.249,true,697334.25,2.8977765e6,9.357045e6
89.6096,22.0221,true,337.97589111328125,892028.4375,4.405998e6
89.2426,22.2511,true,696647.375,2.881413e6,9.36995e6
116.0,5.966,true,919344.125,1.12529425e6,1.56726375e6
121.560771,40.869711,true,70826.078125,1.87131675e6,5.307951e6
126.35,34.766,true,347366.71875,575100.9375,2.36346875e6
102.334,12.056,true,36668.3515625,212807.125,613280.0
106.99316,20.799997,true,366808.09375,2.563662e6,5.31175e6
146.17,-18.65,true,11050.73828125,16386.802734375,22195.73046875
168.338972,-17.799111,true,89681.5078125,99541.5,99693.078125
167.5,-16.3,true,9389.5263671875,33994.2734375,41642.23828125
121.733047,13.970681,true,759156.5,2.58067e6,6.253819e6
6.21,5.39,true,890479.375,3.8615045e6,7.5465705e6
178.36561,-18.13732,true,324031.375,389540.25,432442.125
177.46,-18.01,true,88333.875,228022.46875,325686.09375
12.19,45.43,true,1.06344675e6,2.6473045e6,4.327495e6
120.23,16.02,true,1.368785125e6,3.660289e6,6.152511e6
53.696801,36.782684,true,153539.765625,896603.3125,1.87515e6
162.97,5.35,true,6267.580078125,6267.580078125,6267.580078125
-1.283,53.6,true,1.494019e6,4.807144e6,9.677817e6
153.17,-27.33,true,1.164689875e6,2.329472e6,3.000216e6
23.676944,-19.761944,true,2450.41015625,111359.703125,116361.03125
22.296667,-19.113056,true,10590.265625,39315.96484375,47051.21875
21.845833,-18.369167,true,15062.3203125,29357.890625,49445.8125
-80.92,25.55,true,82.13618469238281,206776.96875,1.9883995e6
-77.0833,26.4667,true,12904.0322265625,17174.02734375,18878.24609375
-87.78,13.43,true,156275.203125,810317.875,1.657991e6
39.67,-4.05,true,1.797272e6,2.43188025e6,2.97103675e6
137.415774,-30.000233,true,0.7229738831520081,5.344417095184326,1455.2161865234375
136.209152,-30.000233,true,1.2151862382888794,8.5076265335083,38.96821594238281
55.67,-4.58,true,57490.90625,104820.1484375,104863.546875
13.32,45.75,true,211446.0625,1.17255e6,1.9289755e6
13.5004,45.7569,true,326454.75,1.042359e6,1.77013325e6
-6.333333,49.916667,true,2262.45703125,3122.853515625,70105.4375
80.938114,6.085575,true,391746.3125,1.464713375e6,2.60261575e6
81.121451,6.132105,true,260341.65625,866354.0,2.0614845e6
119.583333,-5.416667,true,658008.125,3.404092e6,4.232157e6
0.86,51.77,true,570537.0625,2.516621e6,9.61862e6
122.349105,45.025699,true,47156.6875,341255.75,1.11083575e6
-6.437461,37.03353,true,18474.640625,765565.375,2.70575825e6
106.88,10.6,true,1.3586365e6,1.5477098e7,1.9599512e7
-82.873,24.629,true,21.159473419189453,21.159473419189453,21.159473419189453
-81.230344,25.514789,true,0.09207688271999359,1625.2861328125,69847.9375
-0.2,53.7,true,648237.625,1.0328065e6,2.3187565e6
133.7751312,-25.2743988,true,0.050158947706222534,14.883829116821289,299.44720458984375
177.45,-17.62,true,173706.25,272059.75,326793.46875
-77.921111,18.469444,true,260616.734375,544845.3125,969561.9375
1.137023,51.940306,true,607600.4375,1.22585825e6,3.44166675e6
0.583333,51.75,true,992072.1875,5.53981e6,1.5079972e7
-0.292508,50.766652,true,714093.375,1.664602375e6,5.792867e6
67.7,24.1,true,162610.5,479475.125,1.100985625e6
-1.2426,59.9368,true,12792.7783203125,19622.09375,22710.203125
-1.2401,55.684,true,11.680200576782227,49045.7734375,353599.875
-2.525,50.621,true,146180.921875,821497.75,1.96225525e6
-5.046,50.205,true,265141.875,439596.34375,830932.3125
-4.217,51.07,true,136109.96875,241897.0625,1.4473595e6
1.056,52.959,true,83360.015625,625606.0625,1.263347e6
0.54,52.96,true,93130.296875,530439.125,1.682314625e6
-3.8685,50.287,true,323112.0,740174.9375,1.214941875e6
-4.2199,50.423,true,417912.09375,853601.9375,1.439944875e6
0.942,53.251,true,0.0,126825.859375,797278.1875
-1.295556,50.575,true,143431.6875,1.86820825e6,2.79526625e6
-5.6511,54.3336,true,111212.09375,1.06820375e6,1.511014125e6
0.729,53.544,true,0.0,55434.57421875,534310.3125
-0.716,54.564,true,123511.125,831102.9375,2.64509175e6
-4.944,53.517,true,3.87226939201355,39713.171875,164490.46875
-3.876,54.342,true,1980.945068359375,246360.984375,533743.1875
-5.382,52.626,true,0.0,377.2013854980469,149375.890625
0.273,53.408,true,75922.5625,381418.875,1.50092925e6
0.256,54.492,true,0.0,55749.59375,213456.609375
-0.352,54.264,true,138464.6875,333840.28125,1.73186475e6
1.352,52.954,true,89751.4765625,607051.125,1.035683875e6
0.4411,53.818,true,0.0,309520.625,901421.375
0.035,53.775,true,240336.125,843597.5,1.529216625e6
-0.8635,60.6376,true,1777.296142578125,6934.1171875,22037.03125
-0.8808,57.3901,true,0.0,0.0,61277.46484375
-3.9425,50.314,true,381685.875,759014.5625,1.246493625e6
-3.6184,50.396,true,311903.875,936444.25,1.242654e6
-3.5764,54.466,true,102130.265625,277391.0,851071.3125
0.986,52.958,true,77997.546875,642797.875,1.298761875e6
-2.9782,51.4686,true,1.083172625e6,3.033328e6,4.575306e6
-4.8671,50.529,true,158358.625,465894.96875,971034.25
1.5882,51.256,true,235543.21875,713443.5,2.11143975e6
1.38,51.378,true,351158.40625,905970.625,3.070896e6
0.997,52.964,true,76291.078125,634684.25,1.2816585e6
0.967,51.083,true,384644.0625,1.63606125e6,4.1900565e6
0.9327,51.368,true,508144.875,2.516468e6,8.840517e6
0.6508,51.413,true,1.38478e6,5.703444e6,1.4455978e7
-1.6157,55.388,true,94413.8828125,1.04151925e6,1.8636695e6
-1.8846,50.686,true,621417.125,1.59798075e6,2.8350365e6
-2.5303,50.591,true,140759.515625,733299.0625,1.9046015e6
-3.0564,50.713,true,152731.140625,1.0772325e6,1.684546875e6
-3.3077,50.634,true,395795.90625,859314.3125,1.7675945e6
1.7984,51.665,true,0.0,281836.84375,1.216738e6
-5.9204,50.217,true,6817.18603515625,143563.375,310341.0
-6.5066,57.0241,true,104.77265930175781,10534.1171875,26529.6484375
-6.5932,50.903,true,0.0,0.0,0.0
-7.6371,57.525,true,2660.00830078125,5124.3642578125,10091.9814453125
-5.0420957,50.1438,true,210481.234375,425760.78125,790364.625
-6.13,49.74,true,1876.5947265625,3719.050537109375,94280.21875
-5.066,50.153,true,216619.4375,425222.75,773999.3125
-5.681,50.036,true,58616.32421875,232886.828125,360545.65625
-5.863,51.493,true,0.0,11.90768051147461,75892.671875
-6.251,51.336,true,0.0,0.0,0.13682129979133606
1.666,51.241,true,147356.96875,718436.875,1.7405955e6
1.3964,51.157,true,330480.375,884434.375,2.5723615e6
1.2808,51.022,true,214275.3125,984363.125,2.6034015e6
1.278,51.093,true,260010.375,1.025019e6,2.7157965e6
0.978,51.715,true,421444.4375,2.34105825e6,7.545729e6
0.8823,50.734,true,27606.56640625,624002.625,2.32218975e6
0.4216,50.774,true,374466.65625,1.259988625e6,3.5842405e6
0.4,50.567,true,43481.98828125,681540.25,1.80607675e6
0.1667,51.05,true,563636.0,5.587125e6,1.5190035e7
0.0692,50.769,true,644915.3125,1.69804825e6,4.967171e6
-0.4639,50.727,true,519328.28125,1.807711375e6,4.913014e6
-5.6157,51.7264,true,22.666919708251953,75710.5,128993.0
-5.4356,55.1747,true,397.638671875,77871.578125,1.0405018125e6
-5.1898,56.1256,true,17257.97265625,227790.875,1.6329065e6
-5.1674,55.4627,true,4946.0830078125,345590.0,1.56447675e6
-1.6171,55.506,true,38216.08203125,262150.0625,1.632325375e6
-1.62,56.455,true,0.0,0.0,154462.78125
-2.8735,59.3691,true,1525.6474609375,17398.66796875,22954.67578125
-2.9086,53.724,true,1.013708875e6,4.569342e6,7.982767e6
-2.9643,59.1416,true,16482.62890625,22884.919921875,37343.17578125
-3.0224,58.4641,true,13960.0859375,30943.25390625,53030.2734375
-3.1473,59.5156,true,459.94842529296875,3504.916015625,21108.07421875
-3.2164,53.3283,true,1.266007125e6,3.034829e6,6.868964e6
-3.666667,54.75,true,105790.359375,324587.1875,538081.8125
-3.313,58.2668,true,11437.78515625,31875.27734375,122933.34375
-3.4819,54.766,true,102149.140625,394592.625,613146.0625
-3.5355,54.071,true,71225.5234375,525415.3125,1.48404375e6
-4.0866,51.188,true,117630.515625,413232.46875,2.09767075e6
-4.3035,51.232,true,83595.171875,289852.875,1.285660625e6
-4.3664,52.6913,true,21044.109375,114177.96875,347286.78125
-4.3764,51.6668,true,190729.703125,712727.25,1.36140725e6
-4.6171,52.2464,true,25328.16796875,146792.53125,451493.8125
-4.7083,50.796,true,37807.40625,287184.4375,938645.6875
-4.8803,51.289,true,53.52777862548828,62680.11328125,545976.375
-5.105,50.419,true,191203.6875,455637.15625,851162.625
-0.5902,50.263,true,0.0,0.0,1.30385475e6
-0.7206,50.494,true,0.0,961182.875,2.5686545e6
-0.7629,50.762,true,611072.0,2.2454565e6,4.8074835e6
-6.653,50.498,true,0.0,0.0,2262.456787109375
-8.0,50.0,true,0.0,0.0,0.0
-6.3203,49.935,true,2262.456787109375,4292.732421875,76495.3359375
-0.7956,50.717,true,553364.5,2.0218115e6,4.2368375e6
-5.4708,50.111,true,163230.609375,300837.125,425162.0
-0.8746,50.652,true,480214.0625,1.673537e6,3.775638e6
-1.05,51.0167,true,926080.25,3.27634375e6,7.821054e6
-1.0759,50.663,true,652302.9375,1.7761e6,3.752681e6
-1.1586,50.7329,true,916202.8125,1.9999775e6,4.00621275e6
-1.286,50.559,true,143270.90625,1.79271125e6,2.7385735e6
-1.405,50.732,true,981494.875,2.21496925e6,3.333521e6
-1.5711,50.678,true,457130.25,2.10479375e6,2.92807725e6
-1.9387,50.653,true,582467.625,1.327795e6,2.741781e6
-2.135,50.61,true,469550.4375,910379.125,2.273138e6
-2.2124,50.386,true,9303.638671875,566765.125,1.08206825e6
-2.45,50.5,true,105438.5,606001.25,1.378670625e6
-3.22,53.38,true,1.318284e6,3.2228185e6,6.84921e6
-3.2178,53.747,true,428206.03125,2.79741225e6,6.16784e6
-3.556944,50.452222,true,335719.25,980427.25,1.361888375e6
-3.6199,50.194,true,57831.56640625,641935.75,1.0395190625e6
-4.3442,50.343,true,380419.3125,647489.375,1.36594025e6
-4.6384,50.369,true,159679.125,754962.125,1.03214e6
-4.8061,49.418,true,0.0,0.0,5561.8359375
-5.0493,50.046,true,135395.015625,380109.375,605646.125
-5.0585,50.546,true,87823.6875,418720.625,877894.375
-1.517,55.15,true,993354.5,1.780246375e6,2.6460565e6
177.853181,-17.010742,true,0.0,16463.337890625,119280.203125
-89.75,21.266667,true,82975.3046875,1.1887565e6,1.380067625e6
100.20611,5.431509,true,1.10998025e6,2.584615e6,3.1648525e6
-3.0,55.0,true,149007.78125,327167.6875,622315.625
-72.43,41.07,true,102729.59375,721487.125,2.882329e6
99.004318,7.930706,true,147916.28125,332541.90625,1.31247475e6
5.50758,5.35091,true,135496.6875,2.490919e6,4.434987e6
6.86236,4.73614,true,3.01498475e6,6.7241575e6,1.1626308e7
8.583,10.167,true,291085.6875,1.773988125e6,3.912664e6
18.0,35.0,true,0.0,0.0,0.0
-83.6,8.87,true,22201.578125,124610.59375,304660.0625
100.17993,8.438163,true,266047.625,748439.125,1.2827805e6
66.308274,25.568037,true,1307.621826171875,88099.3046875,195053.890625
4.7,48.57,true,88047.75,273112.78125,704722.25
39.236003,-4.651811,true,175115.46875,540284.75,1.415438e6
39.402943,-4.57585,true,164114.40625,598804.625,2.7635965e6
39.566671,-4.042887,true,1.867582375e6,2.5327115e6,3.0109805e6
87.0,20.75,true,266060.25,1.50864625e6,4.608477e6
119.4075,11.19556,true,76555.921875,146661.015625,214886.5625
72.677837,21.134123,true,6.666078e6,8.08533e6,1.1475515e7
76.342393,9.866882,true,3.327457e6,8.077106e6,1.221705e7
8.53,53.88,true,72700.7421875,521247.125,1.21678375e6
108.3,23.6,true,296984.3125,1.414869875e6,2.98623825e6
81.188467,7.566823,true,180868.8125,736038.875,3.808201e6
81.08,6.25,true,394211.0625,1.026646375e6,2.6639755e6
-81.47,31.1,true,80994.9375,168294.4375,339593.375
-80.67,28.58,true,178320.421875,525183.625,2.4215845e6
-79.33,33.17,true,19509.712890625,74766.671875,695727.375
1.74411,52.462507,true,238907.46875,734596.1875,1.364362125e6
1.738441,52.601145,true,257016.625,725493.5,1.22453725e6
100.0,4.0,true,1.8164780139923096,1.81647789478302,31180.12890625
79.25,9.5,true,73889.34375,696347.875,1.699086e6
85.418015,19.775105,true,537400.375,2.643788e6,6.533597e6
-87.92,13.18,true,103397.3828125,490713.15625,1.309536875e6
11.85,45.73,true,734918.5,3.14235675e6,4.8216805e6
178.457,-18.144,true,329139.96875,385383.875,423753.84375
4.5,43.5,true,68997.8125,925532.5,2.7274925e6
108.8076,23.7248,true,373550.5,1.54035225e6,3.4403485e6
8.74816,5.580067,true,17988.439453125,336427.75,1.36149e6
-0.6548889,53.5941389,true,421089.4375,2.2068975e6,5.7306455e6
-90.85,29.38,true,18351.5703125,179619.046875,275791.90625
-43.695556,-22.968889,true,1.7334315e6,9.294632e6,1.3316971e7
99.835438,6.467602,true,107612.453125,522107.625,1.33710525e6
93.991157,19.391839,true,74365.8828125,378258.65625,625819.0
98.565921,9.566958,true,57858.84765625,375186.3125,665773.125
100.64567,4.676744,true,245320.390625,1.10094275e6,2.4673325e6
80.990543,8.893947,true,73425.015625,363259.4375,853758.375
88.195447,21.676063,true,853922.125,3.0931995e6,8.859316e6
96.211389,5.205313,true,250896.65625,631000.875,1.021404625e6
90.3563,23.685,true,1.9381448e7,3.099442e7,4.4619392e7
79.83,7.22,true,1.481149e6,5.872896e6,8.683825e6
103.62,10.57,true,199163.84375,293812.1875,580521.5
-9.669779,30.075873,true,190467.15625,1.7600235e6,2.2143965e6
-77.5,18.25,true,272042.03125,1.028494875e6,1.98945475e6
100.68,4.82,true,350120.1875,1.1535305e6,3.41456525e6
105.15,8.95,true,533816.6875,1.421689375e6,2.20708525e6
-61.1,10.6,true,207700.296875,1.056452875e6,1.43215075e6
68.267781,26.106303,true,1.12738025e6,2.82345075e6,5.263258e6
68.011653,23.988299,true,7902.1787109375,373384.5,918235.75
55.066667,26.866667,true,7028.92578125,69867.546875,153301.90625
78.656891,11.127123,true,724806.0,4.1987765e6,9.235848e6
138.59863,-34.92866,true,1.15657675e6,1.4066555e6,1.50265725e6
119.9278,12.158619,true,41509.04296875,118850.984375,131872.609375
-41.0505,-21.63733,true,66000.1484375,566559.125,751862.875
86.727,20.435,true,830211.625,2.9799435e6,6.4590925e6
85.34,19.74,true,523671.0,2.2146175e6,6.05566e6
3.0,42.68,true,403353.375,615439.0625,1.00664675e6
119.868,16.287,true,340199.125,585461.625,2.973035e6
17.1,58.67,true,63115.9921875,130737.3828125,546406.875
139.55,-36.033333,true,118.80502319335938,2315.03466796875,4931.619140625
-1.46708,52.56438,true,1.600983875e6,6.296462e6,9.368036e6
102.221389,12.454722,true,295334.28125,671429.0625,1.3259465e6
90.037766,21.884576,true,430685.84375,1.4981635e6,3.6506695e6
89.935375,21.987739,true,393917.96875,1.79303125e6,4.4805725e6
90.148073,21.80898,true,293780.40625,1.2198835e6,3.2176415e6
91.712179,22.488169,true,5.40735e6,7.969944e6,1.3237562e7
91.507598,22.710747,true,1.156215e6,8.0130305e6,1.6772093e7
90.636177,21.937301,true,311293.0625,1.733039125e6,4.674144e6
91.12438,22.144656,true,487553.96875,1.63102825e6,6.3869225e6
-149.833333,-17.533333,true,51575.18359375,191141.765625,226122.078125
-4.666667,51.166667,true,1392.006103515625,152374.53125,651347.625
33.84567,27.244073,true,207587.828125,228093.84375,271978.0625
-77.112,17.694,true,56398.02734375,1.163614e6,1.9341305e6
120.0,-5.0,true,199982.328125,1.08807025e6,5.0251855e6
-75.2479,39.1202,true,61847.28125,514622.5625,1.596034e6
118.63592,9.506897,true,77728.484375,379905.21875,460832.1875
124.1671,10.2004,true,544818.25,3.85715875e6,5.8434025e6
-71.0,-34.0,true,55198.9375,1.34949875e6,7.6210885e6
4.659819,43.35399,true,29262.08203125,549351.875,3.1179015e6
-160.0,21.0,true,0.0,0.0,0.0
-63.069228,18.017626,true,89793.9140625,104439.953125,113837.9375
79.833333,6.916667,true,3.5804445e6,6.303465e6,8.560824e6
110.33,1.55,true,886278.5,1.0210904375e6,1.1680205e6
143.218889,-34.728611,true,409.23193359375,7190.83544921875,18206.146484375
138.92,-34.7,true,225829.6875,1.217573375e6,1.4500035e6
-6.27,34.85,true,215492.515625,1.081070125e6,2.460568e6
-81.631667,28.133333,true,412859.96875,1.7581705e6,3.853706e6
-82.756,28.1191,true,947491.25,2.649316e6,3.518422e6
-80.597,28.0387,true,346935.5625,635209.75,991237.125
-121.8398,36.8994,true,310772.34375,1.7781795e6,3.005824e6
-75.8738,36.555,true,25455.93359375,840203.125,1.428476375e6
-4.0,57.0,true,7494.5234375,32994.0859375,289017.5625
-3.6554167,53.9253056,true,0.0,374028.75,2.2765525e6
-1.4559167,50.8202222,true,1.0153754375e6,2.36548225e6,3.6853095e6
-83.57231,8.87067,true,23689.830078125,127125.546875,325157.875
43.2333,-22.0667,true,3756.96240234375,38313.51953125,198356.5
99.374391,10.551738,true,153872.84375,339923.53125,587341.1875
101.033333,15.35,true,141146.21875,551287.9375,1.63206175e6
100.08495,13.037758,true,267052.34375,616054.75,2.32321925e6
-91.55,18.62,true,53502.79296875,226743.5,301178.1875
103.17,1.65,true,156908.15625,1.048990875e6,4.678259e6
103.06,11.28,true,6877.1806640625,58605.28125,115315.0
103.017,11.417,true,31716.90234375,68004.2890625,112490.234375
103.06,11.47,true,36867.609375,70533.34375,114775.96875
10.246916,56.562151,true,129848.0078125,655408.1875,1.233343e6
123.764935,9.543896,true,264482.4375,983044.8125,2.6232425e6
123.931307,10.260535,true,2.932268e6,4.390668e6,6.111437e6
120.923848,13.75722,true,1.08465175e6,3.665812e6,1.0914036e7
102.75283,5.89447,true,41600.44140625,402086.5,1.6701575e6
76.5999976,8.9833294,true,3.34009e6,6.4231995e6,1.1894305e7
39.900278,-7.751944,true,25151.48046875,57445.515625,88881.671875
53.75,36.8833,true,74034.5703125,535942.5,1.8276485e6
160.44635,-9.718747,true,28696.392578125,87374.765625,233121.03125
-60.817,11.183,true,63924.94921875,74372.1484375,138009.734375
-61.08,13.866,true,156716.75,179237.0,271210.0
7.44084,4.53231,true,1.6757495e6,4.427286e6,1.1838404e7
6.313792,4.800742,true,962455.625,2.93206825e6,6.413562e6
6.312545,4.57235,true,349663.25,2.1023465e6,4.6131915e6
119.49,16.21,true,0.0,237687.28125,559871.625
100.73333,4.8499999,true,402812.25,1.45384375e6,3.4198645e6
124.65202,10.534433,true,170801.171875,939681.4375,2.61535225e6
66.271905,25.558805,true,1188.7044677734375,84776.015625,187428.90625
79.8283,8.0362,true,279722.4375,750279.125,2.027105625e6
-112.0,28.0,true,0.0,0.0,1534.377685546875
