"fpid","id_old","id_gadm1","coastal","coast_length","number_segments"
0,1,1082,1,1.7875565290451,1
1,13,1082,1,0.290434718132019,1
2,66,1082,1,0.718038707971573,2
3,72,1082,1,0.883646726608276,1
4,32,1082,1,1.35335031151772,4
5,29,1082,1,1.4611231982708,3
6,5,1082,1,11.5139604210854,19
7,2,1082,1,3.49453637003899,8
8,21,1082,1,2.10129150748253,4
9,7,1082,1,2.53818666934967,2
10,0,1082,1,1.45870620012283,3
11,14,1082,1,2.71989846229553,5
12,22,1082,1,0.821043848991394,1
13,15,1082,1,2.1934677362442,5
14,11,1082,1,4.67033490538597,5
15,36,1082,1,46.584743052721,29
16,42,1082,1,6.16994896531105,11
17,63,1082,1,4.93030381202698,2
18,64,1082,1,2.65027797222137,5
19,59,1082,1,3.3307543694973,7
20,34,1082,1,3.69035136699677,2
21,50,1082,1,3.5375719666481,4
22,4,1082,1,2.20404136180878,2
23,57,1082,1,0.666454643011093,2
24,75,1082,1,2.29586637020112,2
25,41,1082,1,5.41963839530945,8
26,44,1082,1,0.842408835887909,1
27,8,1082,1,4.53411138057709,5
28,56,1082,1,0.1,0
29,9,1082,1,5.09421375393867,7
30,18,1082,1,0.646036863327026,1
31,3,1082,1,1.1109716296196,2
32,12,1082,1,1.9276270866394,4
33,6,1082,1,2.56453466415405,2
34,10,1082,1,3.9647746682167,5
35,35,1082,1,1.29824921488762,2
36,38,1082,1,1.13115933537483,2
37,40,1082,1,2.13863909244537,5
38,37,1082,1,5.5329355597496,6
39,19,1082,1,2.02203832566738,4
40,17,1082,1,2.13608458638191,4
41,16,1082,1,3.19608983397484,3
42,49,1082,1,4.07336938381195,3
43,53,1082,1,0.696262001991272,1
44,25,1082,1,3.23323029279709,3
45,51,1082,1,4.62407341599464,6
46,24,1082,1,4.94681689143181,4
47,46,1082,1,1.12822818756104,1
48,27,1082,1,4.21956437826156,4
49,28,1082,1,4.64100652933121,4
50,20,1082,1,1.64482575654984,2
51,112,1082,1,1.83947977423668,4
52,26,1082,1,1.19536113739014,1
53,78,1082,1,2.54873514175415,1
54,23,1082,1,1.10659456253052,2
55,100,1082,1,2.07407885789871,4
56,33,1082,1,3.1259781718254,3
57,74,1082,1,8.28077232837678,9
58,65,1082,1,7.32717955112458,9
59,104,1082,1,2.94742405414582,2
60,39,1082,1,2.11868840456009,3
61,86,1082,1,0.787724673748016,2
62,103,1082,1,5.55135309696197,7
63,67,1082,1,2.60728716850281,1
64,62,1082,1,0.927397429943085,1
65,69,1082,1,0.423060059547424,1
66,82,1082,1,4.04189988970756,5
67,48,1082,1,2.29265820980071,2
68,30,1082,1,10.0612753629684,3
69,224,1082,1,2.07216039299965,4
70,47,1082,1,1.7977141737938,2
71,43,1082,1,1.92368668317794,2
72,45,1082,1,1.99346554279327,1
73,54,1082,1,1.79039710760116,3
74,271,1082,1,4.68590456247329,3
75,52,1082,1,1.50023722648621,1
76,318,1082,1,2.72355675697327,1
77,55,1082,1,1.56661462783813,1
78,278,1082,1,3.11322712898254,1
79,31,1082,1,1.0550000667572,1
80,246,1082,1,2.51759150624275,2
81,251,1082,1,0.709080964326859,2
82,270,1082,1,0.474440276622772,1
83,265,1082,1,1.05794155597687,1
84,288,1082,1,0.389080405235291,1
85,258,1082,1,1.15444642305374,2
86,261,1082,1,3.69106209278107,2
87,83,1082,1,2.5431165099144,2
88,87,1082,1,6.23825025558471,6
89,124,1082,1,3.35269117355347,1
90,296,1082,1,0.528865158557892,1
91,121,1082,1,7.64090500026941,8
92,157,1082,1,4.73920118808747,3
93,89,1082,1,0.504466354846954,1
94,61,1082,1,1.41673797369003,2
95,152,1082,1,1.21426331996918,1
96,206,1082,1,1.87220549583435,1
97,91,1082,1,1.52763566374779,3
98,210,1082,1,1.13062846660614,1
99,135,1082,1,3.63843819499016,5
100,58,1082,1,2.22084030508995,4
101,92,1082,1,0.373724490404129,1
102,68,1082,1,1.34504279494286,2
103,139,1082,1,0.682185500860215,2
104,60,1082,1,1.86563241481781,2
105,143,1082,1,1.35618543624878,2
106,195,1082,1,2.70910826325417,4
107,90,1082,1,1.99766898155212,2
108,81,1082,1,1.74215304851532,2
109,79,1082,1,0.686756193637848,1
110,84,1082,1,2.28453087806701,2
111,85,1082,1,1.88734519481659,3
112,93,1082,1,1.02513229846954,1
113,105,1082,1,3.44670689105988,3
114,98,1082,1,1.71352881193161,2
115,102,1082,1,2.0283944606781,1
116,107,1082,1,1.84567874670029,3
117,109,1082,1,1.88433468341827,1
118,71,1082,1,1.89264163374901,4
119,80,1082,1,3.26531636714935,3
120,70,1082,1,3.0636468231678,4
121,77,1082,1,1.12077325582504,2
122,73,1082,1,2.02444040775299,2
123,76,1082,1,1.31787729263306,2
124,2504,1082,1,2.54183691740036,2
125,2503,1082,1,0.650843650102615,2
126,2341,1082,1,1.31689965724945,1
127,2286,1082,1,3.75677180290222,4
128,2342,1082,1,1.49115321040154,4
129,2343,1082,1,1.75852516293526,3
130,2285,1082,1,3.59961405396461,3
131,2296,1082,1,2.29201525449753,3
132,2298,1082,1,0.788529604673385,2
133,2309,1082,1,0.654402017593384,1
134,2297,1082,1,1.06171011924744,1
135,2310,1082,1,0.531305313110352,1
136,2299,1082,1,0.1,0
137,2224,1082,1,1.19268161058426,2
138,2335,1082,1,0.885753750801086,1
139,2302,1082,1,1.66463202238083,2
140,2287,1082,1,2.41952300071716,2
141,2289,1082,1,0.910248011350632,2
142,2288,1082,1,0.554200947284698,1
143,2294,1082,1,1.07274448871613,1
144,2644,1082,1,0.463312208652496,1
145,2293,1082,1,1.96118891239166,1
146,2282,1082,1,1.98829388618469,1
147,2284,1082,1,3.0237612426281,3
148,2292,1082,1,7.2205539047718,7
149,88,1082,1,1.46904647350311,1
150,2283,1082,1,0.998291730880737,1
151,2225,1082,1,0.540875673294067,1
152,2279,1082,1,2.49152278900146,1
153,2295,1082,1,3.610671043396,1
154,2235,1082,1,0.434836119413376,1
155,2281,1082,1,1.1636997461319,1
156,2234,1082,1,0.27036240696907,1
157,2280,1082,1,1.24620395898819,2
158,399,1082,1,1.67131745815277,3
159,2231,1082,1,1.24368476867676,2
160,2233,1082,1,1.15993928909302,1
161,2232,1082,1,1.16615331172943,1
162,398,1082,1,2.98576840758324,6
163,2230,1082,1,1.98469293117523,1
164,2229,1082,1,0.882884085178375,1
165,2236,1082,1,0.730821847915649,1
166,397,1082,1,2.60691356658936,5
167,396,1082,1,0.891946762800216,2
168,417,1082,1,2.00193709135055,3
169,421,1082,1,1.96884176135063,4
170,489,1082,1,1.44634237885475,3
171,2240,1082,1,1.76359832286835,1
172,484,1082,1,0.1,0
173,2245,1082,1,0.373832702636719,1
174,370,1082,1,1.29139065742493,1
175,2246,1082,1,1.49505683779716,3
176,2243,1082,1,0.317224651575089,1
177,2242,1082,1,0.99932536482811,2
178,2265,1082,1,0.405462205410004,1
179,345,1082,1,0.767487525939941,1
180,2267,1082,1,0.473182588815689,1
181,341,1082,1,0.423342883586884,1
182,2262,1082,1,6.30595242977142,4
183,2241,1082,1,1.88588464260101,4
184,116,1082,1,0.791952103376389,2
185,514,1082,1,0.32523313164711,1
186,2261,1082,1,0.584816962480545,2
187,2244,1082,1,0.503823459148407,1
188,2274,1082,1,0.524020075798035,1
189,2263,1082,1,0.888988137245178,1
190,94,1082,1,0.849664375185967,2
191,2546,1082,1,1.0833694934845,1
192,130,1082,1,1.62392076849937,2
193,95,1082,1,0.481112539768219,1
194,233,1082,1,15.5046317875385,21
195,2266,1082,1,0.70340770483017,1
196,512,1082,1,0.1,0
197,96,1082,1,2.30127269029618,4
198,513,1082,1,1.74766755104065,3
199,101,1082,1,1.06872072815895,3
200,97,1082,1,1.02404671907425,2
201,2264,1082,1,1.09114146232605,2
202,511,1082,1,1.3068325817585,3
203,99,1082,1,1.17447400093079,1
204,551,1082,1,0.710963845252991,1
205,136,1082,1,1.58037120103836,2
206,548,1082,1,1.63401356339455,4
207,506,1082,1,1.71296602487564,3
208,331,1082,1,1.55171751976013,2
209,119,1082,1,0.777174055576324,1
210,624,1082,1,0.325235724449158,1
211,260,1082,1,1.8323580622673,3
212,244,1082,1,2.3632293343544,4
213,521,1082,1,1.95664396882057,3
214,618,1082,1,1.37055599689484,1
215,510,1082,1,4.44259840250015,7
216,236,1082,1,1.0393408536911,1
217,595,1082,1,1.82118394970894,3
218,243,1082,1,1.7997582256794,3
219,545,1082,1,2.28178262710571,1
220,238,1082,1,1.97311854362487,2
221,527,1082,1,0.818331182003021,1
222,543,1082,1,2.01607042551041,3
223,608,1082,1,1.4274640083313,1
224,515,1082,1,2.73759520053863,2
225,567,1082,1,2.6642694324255,4
226,525,1082,1,1.69927048683166,3
227,604,1082,1,0.1,0
228,2186,1082,1,0.492084443569183,1
229,2187,1082,1,1.40147703886032,2
230,294,1082,1,0.1,0
231,284,1082,1,0.988456875085831,2
232,306,1082,1,0.564164340496063,1
233,2192,1082,1,0.300822138786316,1
234,590,1082,1,2.27594593167305,3
235,2194,1082,1,0.370649755001068,1
236,2193,1082,1,1.4149010181427,1
237,2195,1082,1,0.373869478702545,1
238,280,1082,1,2.7339716553688,2
239,289,1082,1,0.563858866691589,1
240,316,1082,1,1.220424503088,3
241,314,1082,1,1.15223848819733,1
242,268,1082,1,0.451126515865326,1
243,305,1082,1,0.1,0
244,273,1082,1,0.950360536575317,1
245,2188,1082,1,2.06979373097419,3
246,2189,1082,1,0.566976547241211,1
247,193,1082,1,0.410120457410812,1
248,114,1082,1,2.25215315818787,1
249,217,1082,1,0.277987331151962,1
250,2116,1082,1,2.38260060548782,3
251,473,1082,1,0.277987331151962,1
252,185,1082,1,0.313358575105667,1
253,106,1082,1,1.28543269634247,1
254,110,1082,1,1.09067571163177,3
255,113,1082,1,1.75048756599426,3
256,111,1082,1,1.52692246437073,2
257,222,1082,1,1.14921569824219,1
258,2117,1082,1,1.6248320043087,3
259,117,1082,1,0.308813899755478,1
260,2496,1082,1,1.25774025917053,1
261,360,1082,1,1.0625057220459,2
262,2493,1082,1,3.77772644162178,6
263,2494,1082,1,3.88202506303788,2
264,2134,1082,1,1.95031350851059,2
265,356,1082,1,0.80622974038124,2
266,357,1082,1,1.13246595859528,1
267,118,1082,1,0.962820172309875,1
268,2492,1082,1,0.346839129924774,1
269,2135,1082,1,0.989401489496232,2
270,2497,1082,1,1.35777986049652,1
271,2498,1082,1,2.25652885437012,2
272,123,1082,1,0.439489275217056,1
273,122,1082,1,2.61508941650391,1
274,2495,1082,1,2.32286930084229,1
275,108,1082,1,0.918352901935577,1
276,2487,1082,1,1.69269561767578,1
277,2181,1082,1,1.53475925326347,4
278,2133,1082,1,2.52698111534119,1
279,2475,1082,1,2.6021768450737,4
280,129,1082,1,0.809842646121979,1
281,392,1082,1,1.88841277360916,3
282,2489,1082,1,0.1,0
283,2488,1082,1,0.742934286594391,1
284,138,1082,1,1.49873018264771,2
285,2176,1082,1,1.07941994071007,2
286,2473,1082,1,8.96668368577957,5
287,2482,1082,1,0.802118062973022,1
288,134,1082,1,0.500502407550812,1
289,387,1082,1,2.00511544942856,2
290,2480,1082,1,0.556324601173401,1
291,166,1082,1,0.7989342212677,2
292,128,1082,1,1.32593464851379,1
293,132,1082,1,1.7370131611824,3
294,161,1082,1,2.17496514320374,1
295,2478,1082,1,0.367336958646774,1
296,137,1082,1,0.493546694517136,1
297,131,1082,1,0.974018216133118,1
298,389,1082,1,0.632872462272644,1
299,2481,1082,1,1.50003623962402,1
300,2483,1082,1,1.47276842594147,1
301,140,1082,1,2.55861085653305,3
302,145,1082,1,0.436555236577988,1
303,386,1082,1,1.59487992525101,2
304,2479,1082,1,2.27287086844444,4
305,2476,1082,1,1.64313298463821,2
306,2477,1082,1,1.02106845378876,1
307,2180,1082,1,1.0004415512085,1
308,2472,1082,1,19.49290125072,13
309,2136,1082,1,4.68078887462617,4
310,2179,1082,1,2.04956352710724,4
311,2137,1082,1,0.993936687707901,2
312,2485,1082,1,4.16723775863647,1
313,2486,1082,1,3.0727322101593,1
314,2484,1082,1,3.06486347317696,4
315,153,1082,1,3.466183334589,3
316,2178,1082,1,0.981919646263123,1
317,2491,1082,1,6.67749950289725,7
318,126,1082,1,0.510240197181702,1
319,377,1082,1,4.62410941720009,4
320,2090,1082,1,3.44895172119141,3
321,127,1082,1,0.555974662303925,1
322,2474,1082,1,1.87180626392365,1
323,379,1082,1,3.95822370052337,5
324,156,1082,1,1.43305432796478,1
325,142,1082,1,1.43684050440788,2
326,144,1082,1,1.74983978271484,1
327,381,1082,1,0.395558714866638,1
328,147,1082,1,1.29650658369064,2
329,178,1082,1,1.67678236961365,1
330,176,1082,1,1.20188307762146,1
331,332,1082,1,5.7382870912552,5
332,2088,1082,1,1.3682601749897,2
333,2404,1082,1,11.2537654936314,2
334,150,1082,1,2.39957961440086,4
335,170,1082,1,0.731298506259918,1
336,2089,1082,1,1.62228840589523,2
337,146,1082,1,3.18466748297214,6
338,337,1082,1,0.526493489742279,1
339,151,1082,1,2.07732385396957,2
340,335,1082,1,1.04902338981628,1
341,149,1082,1,1.48560971021652,2
342,160,1082,1,2.5387741625309,4
343,2405,1082,1,1.40816617012024,1
344,2507,1082,1,0.744218230247498,1
345,148,1082,1,2.73814213275909,3
346,2519,1082,1,2.29046446084976,2
347,155,1082,1,2.97132754325867,5
348,2082,1082,1,1.45643231272697,2
349,154,1082,1,3.16186928749085,2
350,2639,1082,1,1.02518463134766,1
351,2081,1082,1,0.417715609073639,1
352,2395,1082,1,0.896496534347534,1
353,391,1082,1,1.89764919877052,4
354,2080,1082,1,1.26591455936432,1
355,2393,1082,1,1.69602811336517,1
356,2394,1082,1,2.15951704978943,1
357,2390,1082,1,5.00371941924095,7
358,393,1082,1,2.5482931137085,3
359,167,1082,1,34.1852323636413,26
360,400,1082,1,13.2602268457413,15
361,2531,1082,1,0.526201844215393,1
362,2608,1082,1,0.526112198829651,1
363,2532,1082,1,0.32532799243927,1
364,2529,1082,1,4.89009773731232,3
365,164,1082,1,2.28271950036287,12
366,165,1082,1,2.0950698852539,3
367,2391,1082,1,3.2953028678894,4
368,407,1082,1,6.72859477996827,4
369,2389,1082,1,1.69343727827072,2
370,2530,1082,1,0.849275648593903,1
371,401,1082,1,10.2410936057568,11
372,2614,1082,1,0.675782680511475,1
373,169,1082,1,2.29095552861691,4
374,2528,1082,1,0.391399353742599,1
375,479,1082,1,1.24430727958679,3
376,2501,1082,1,2.7244510948658,3
377,177,1082,1,2.68131002783775,6
378,171,1082,1,2.98063492774964,4
379,2490,1082,1,6.90845559537411,11
380,408,1082,1,1.7619640827179,1
381,2500,1082,1,8.71593382209538,15
382,459,1082,1,2.58529549837113,4
383,427,1082,1,1.90164756774902,1
384,274,1082,1,0.625023901462555,1
385,458,1082,1,3.73204469680787,3
386,173,1082,1,1.86563938856125,2
387,2407,1082,1,20.9893732704222,31
388,2642,1082,1,1.67181384563446,1
389,230,1082,1,0.440935015678406,1
390,330,1082,1,0.885134369134903,2
391,174,1082,1,4.80037043616175,9
392,158,1082,1,2.14333760738373,2
393,162,1082,1,2.22163528203964,4
394,347,1082,1,18.5831801146269,13
395,197,1082,1,3.77505539357662,4
396,440,1082,1,3.52392491698265,7
397,220,1082,1,0.553503453731537,1
398,2384,1082,1,7.19256491959095,7
399,175,1082,1,0.911484241485596,1
400,2386,1082,1,5.30300144851207,7
401,446,1082,1,2.38926798105239,2
402,2403,1082,1,7.67566257715225,7
403,199,1082,1,1.76487112045288,1
404,205,1082,1,0.289610534906387,1
405,378,1082,1,1.01633262634277,1
406,2385,1082,1,5.14715549349785,4
407,196,1082,1,1.57248649001121,2
408,2387,1082,1,2.88215041160583,1
409,189,1082,1,1.93841839209199,4
410,303,1082,1,0.42359584569931,1
411,180,1082,1,8.23081648349761,6
412,2382,1082,1,0.525015592575073,1
413,192,1082,1,1.27035462856293,3
414,349,1082,1,5.08944201469421,3
415,559,1082,1,3.62565124034881,2
416,181,1082,1,1.86034628748894,4
417,490,1082,1,3.10835480690002,1
418,2383,1082,1,1.49457502365112,1
419,183,1082,1,19.3354451656342,13
420,2048,1082,1,2.40849536657333,4
421,2396,1082,1,1.3372505903244,1
422,207,1082,1,1.07464349269867,1
423,187,1082,1,1.31013038754463,2
424,2402,1082,1,3.53817927837372,3
425,186,1082,1,1.11764550209045,1
426,184,1082,1,5.0834949016571,3
427,469,1082,1,0.728735208511353,1
428,194,1082,1,3.6609987616539,4
429,198,1082,1,2.42072653770447,3
430,200,1082,1,1.61554670333862,3
431,383,1082,1,0.332795351743698,1
432,372,1082,1,5.66699550673367,8
433,287,1082,1,3.45961220562458,4
434,373,1082,1,0.964455544948578,1
435,201,1082,1,1.46985206007958,3
436,2401,1082,1,3.36168929934502,4
437,329,1082,1,1.18686658143997,2
438,309,1082,1,0.580198466777802,1
439,283,1082,1,1.55759727954865,1
440,475,1082,1,1.35372042655945,3
441,299,1082,1,1.42100298404693,4
442,2388,1082,1,10.7321655154228,4
443,324,1082,1,0.590911448001862,1
444,290,1082,1,2.46205031871795,4
445,276,1082,1,0.399602621793747,1
446,2397,1082,1,2.38694763183594,1
447,2398,1082,1,3.17120575904846,1
448,227,1082,1,1.83586746454239,4
449,225,1082,1,2.00242818146944,4
450,208,1082,1,7.60942977666855,9
451,508,1082,1,0.332805663347244,1
452,219,1082,1,0.515086650848389,1
453,182,1082,1,2.56541436910629,3
454,234,1082,1,1.6654215157032,2
455,2399,1082,1,6.43879253417253,8
456,221,1082,1,0.463312208652496,1
457,223,1082,1,1.20569857954979,2
458,311,1082,1,28.0737568587065,28
459,500,1082,1,5.21151077747346,5
460,2400,1082,1,1.69534277915955,1
461,242,1082,1,0.541132688522339,1
462,502,1082,1,2.11653733253479,1
463,326,1082,1,2.01271200180054,2
464,203,1082,1,4.66018769145012,6
465,272,1082,1,2.78326226398349,6
466,204,1082,1,0.446550905704498,1
467,2392,1082,1,1.94019985198975,1
468,209,1082,1,1.14251327514648,1
469,327,1082,1,0.79026985168457,1
470,254,1082,1,1.65845727920532,1
471,257,1082,1,1.06386601924896,1
472,259,1082,1,1.30438983440399,1
473,188,1082,1,2.29246416687965,3
474,504,1082,1,2.35655057430267,2
475,263,1082,1,5.1912370622158,10
476,2032,1082,1,1.18762803077698,1
477,291,1082,1,0.313030332326889,1
478,432,1082,1,5.75149255990982,3
479,338,1082,1,0.43520000576973,1
480,228,1082,1,2.62366145849228,3
481,282,1082,1,0.978918850421906,1
482,593,1082,1,0.604053854942322,1
483,416,1082,1,4.16410917043687,3
484,218,1082,1,3.16294288635254,1
485,215,1082,1,2.0010773986578,5
486,231,1082,1,2.28298807144165,1
487,212,1082,1,1.11108100414276,1
488,232,1082,1,1.09349465370178,1
489,216,1082,1,2.41522789001465,1
490,2031,1082,1,1.73385810852051,1
491,414,1082,1,3.39690113067627,1
492,239,1082,1,0.968345820903778,1
493,237,1082,1,14.4237067997455,18
494,241,1082,1,2.27683609724045,4
495,2049,1082,1,3.75552120804786,4
496,213,1082,1,1.56091904640198,2
497,2050,1082,1,0.986867249011993,1
498,312,1082,1,68.3974845558404,50
499,226,1082,1,0.977542191743851,2
500,350,1082,1,7.03967422246933,3
501,249,1082,1,1.32538080215454,1
502,353,1082,1,3.66695314645767,4
503,2051,1082,1,1.47050142288208,1
504,256,1082,1,2.5327684879303,2
505,255,1082,1,1.3355997800827,1
506,163,1082,1,1.1307110786438,1
507,2042,1082,1,1.81255108118057,3
508,340,1082,1,5.10445582866668,4
509,2027,1082,1,1.98808625340462,3
510,2043,1082,1,2.68596881628036,3
511,2030,1082,1,0.765026450157166,1
512,159,1082,1,0.772079586982727,1
513,2044,1082,1,1.30068683624267,2
514,264,1082,1,1.67979347705841,2
515,2028,1082,1,1.60002207756043,3
516,304,1082,1,1.22999328374863,2
517,2046,1082,1,0.845752418041229,1
518,313,1082,1,0.821262627840042,2
519,297,1082,1,2.43223974108696,2
520,2026,1082,1,0.711869478225708,2
521,339,1082,1,1.31731426715851,2
522,336,1082,1,5.96008408069611,12
523,2045,1082,1,0.650603771209717,1
524,322,1082,1,1.07469856739044,1
525,2604,1082,1,1.9994033575058,3
526,320,1082,1,0.308064103126526,1
527,253,1082,1,2.09869623184204,3
528,275,1082,1,1.11092945933342,3
529,252,1082,1,0.801343679428101,2
530,342,1082,1,1.88534903526306,1
531,2037,1082,1,1.08621394634247,1
532,2047,1082,1,0.558218061923981,1
533,172,1082,1,1.92771186307073,6
534,247,1082,1,0.562958955764771,1
535,2035,1082,1,1.20448088645935,1
536,2036,1082,1,1.06576430797577,2
537,279,1082,1,0.345807790756226,1
538,281,1082,1,0.806051731109619,1
539,2038,1082,1,0.374010324478149,1
540,2029,1082,1,1.19963689148426,3
541,333,1082,1,1.336061835289,2
542,2041,1082,1,1.50034230947495,2
543,2083,1082,1,2.61978659033776,3
544,240,1082,1,1.29664650559425,2
545,2084,1082,1,1.13400042057037,3
546,384,1082,1,1.18172669410706,1
547,366,1082,1,1.15916767716408,2
548,2074,1082,1,1.21169531345367,1
549,298,1082,1,1.1768990457058,2
550,315,1082,1,1.92109268903733,2
551,2086,1082,1,0.899966955184937,1
552,2072,1082,1,3.10719287395478,3
553,2073,1082,1,2.55278748273849,3
554,371,1082,1,0.807124972343445,2
555,2071,1082,1,0.558927118778229,1
556,2087,1082,1,2.25935652852058,3
557,2085,1082,1,0.954666823148728,2
558,300,1082,1,3.94599461555481,4
559,250,1082,1,1.1416383087635,2
560,248,1082,1,1.59567540884018,2
561,295,1082,1,1.0760223865509,1
562,245,1082,1,1.45245540142059,1
563,310,1082,1,1.79687607288361,1
564,293,1082,1,2.9620686173439,5
565,2067,1082,1,2.12250477075576,2
566,285,1082,1,6.40194487571716,13
567,406,1082,1,1.95245414972305,4
568,348,1082,1,3.21318340301514,1
569,267,1082,1,4.10372799634933,3
570,354,1082,1,1.82696461677551,1
571,2066,1082,1,1.2290757894516,2
572,2070,1082,1,0.946557343006134,2
573,344,1082,1,0.608126580715179,1
574,343,1082,1,0.8824822306633,1
575,202,1082,1,1.46249234676361,1
576,2068,1082,1,2.43914145231247,3
577,2069,1082,1,2.76993894577026,2
578,463,1082,1,1.14417943358421,2
579,2078,1082,1,1.90877532958984,3
580,235,1082,1,1.43689140677452,3
581,308,1082,1,1.57070302963257,1
582,229,1082,1,0.75935286283493,1
583,325,1082,1,1.13464775681496,2
584,321,1082,1,2.45797868072987,3
585,2077,1082,1,3.08367837965489,7
586,460,1082,1,0.782364130020142,2
587,319,1082,1,1.0489217042923,1
588,211,1082,1,3.22840279340744,3
589,214,1082,1,0.988046944141388,1
590,2520,1082,1,1.63623416423798,2
591,367,1082,1,0.914185702800751,1
592,317,1082,1,0.975208520889282,1
593,2521,1082,1,0.323829025030136,1
594,2079,1082,1,1.35176771879196,2
595,2075,1082,1,0.634881526231766,2
596,375,1082,1,0.673921167850494,1
597,2058,1082,1,3.02220743894577,3
598,191,1082,1,0.792760103940963,2
599,2076,1082,1,0.548306077718734,2
600,328,1082,1,0.634219169616699,1
601,429,1082,1,2.6266422867775,3
602,2057,1082,1,0.827729344367981,2
603,2059,1082,1,2.24726954102516,6
604,323,1082,1,2.30324748158455,5
605,346,1082,1,0.282515436410904,1
606,2053,1082,1,2.30422055721283,2
607,190,1082,1,1.25370046496391,3
608,334,1082,1,5.28651928901672,8
609,380,1082,1,2.1523095369339,4
610,2052,1082,1,1.18411237001419,2
611,351,1082,1,0.448675960302353,1
612,352,1082,1,1.237891882658,2
613,385,1082,1,0.835409224033356,2
614,2054,1082,1,1.78331112861633,1
615,2056,1082,1,0.450852453708649,1
616,364,1082,1,1.08416700363159,1
617,2055,1082,1,1.49534058570862,1
618,390,1082,1,2.22518372535706,1
619,362,1082,1,1.65336063504219,3
620,361,1082,1,0.75042337179184,1
621,395,1082,1,0.799833357334137,1
622,365,1082,1,0.747110307216644,2
623,359,1082,1,5.89930292963982,8
624,2064,1082,1,1.02469182014465,1
625,394,1082,1,2.68915316462517,4
626,358,1082,1,1.66855955123901,1
627,2065,1082,1,0.474182039499283,1
628,2061,1082,1,2.29993844032288,3
629,402,1082,1,1.8214148581028,4
630,355,1082,1,0.721878051757812,1
631,2060,1082,1,1.900235414505,1
632,2062,1082,1,0.875169694423676,1
633,405,1082,1,1.76888930797577,2
634,363,1082,1,0.730180203914642,1
635,2063,1082,1,1.89045906066895,1
636,368,1082,1,2.34001508355141,5
637,2408,1082,1,2.21703851222992,3
638,2113,1082,1,0.917627990245819,1
639,411,1082,1,0.889857202768325,3
640,2106,1082,1,4.69929218664766,11
641,369,1082,1,2.19034600257874,2
642,382,1082,1,2.54592251777649,3
643,2105,1082,1,9.90687951445579,9
644,374,1082,1,1.98873716592789,2
645,2112,1082,1,0.736173689365387,2
646,376,1082,1,1.7337749004364,2
647,2111,1082,1,2.43991279602051,1
648,2123,1082,1,1.08654952049255,1
649,2108,1082,1,0.776453495025635,2
650,388,1082,1,0.952013820409775,2
651,2109,1082,1,0.682741016149521,2
652,2110,1082,1,1.60085090994835,3
653,2118,1082,1,2.3047776222229,3
654,2125,1082,1,2.54441827535629,5
655,2119,1082,1,1.38852959871292,2
656,2126,1082,1,0.938869595527649,1
657,2107,1082,1,2.07635980844498,2
658,2120,1082,1,2.42936885356903,2
659,2101,1082,1,1.30151772499084,1
660,2100,1082,1,1.02334427833557,1
661,2121,1082,1,3.1277232170105,1
662,2099,1082,1,3.13087153434753,1
663,2098,1082,1,2.42929142713547,2
664,2097,1082,1,2.64816665649414,1
665,404,1082,1,2.68541145324707,7
666,2128,1082,1,2.30735370516777,2
667,2096,1082,1,5.07204818725586,1
668,403,1082,1,1.09929829835892,3
669,2103,1082,1,5.5430644750595,4
670,2378,1082,1,7.79122725129128,2
671,2127,1082,1,1.30480298399925,3
672,419,1082,1,0.717859447002411,1
673,413,1082,1,1.1363377571106,2
674,2102,1082,1,1.12740695476532,2
675,2152,1082,1,0.449750661849976,1
676,2104,1082,1,1.18619120121002,1
677,2175,1082,1,0.92755326628685,2
678,2174,1082,1,2.12669634819031,1
679,2377,1082,1,2.80775737762451,1
680,2173,1082,1,0.627467572689056,1
681,2160,1082,1,8.23904633522034,2
682,2122,1082,1,1.43433028459549,2
683,2171,1082,1,3.17899918556214,2
684,2170,1082,1,1.95917952060699,1
685,2172,1082,1,1.06042832136154,2
686,2124,1082,1,2.61038637161255,2
687,2367,1082,1,3.11984825134277,1
688,2199,1082,1,1.13044050335884,2
689,2228,1082,1,1.50964307785034,2
690,2276,1082,1,1.71360951662064,3
691,2277,1082,1,1.29198828339577,2
692,2275,1082,1,1.39138793945312,3
693,2366,1082,1,5.21364513039589,4
694,2278,1082,1,1.32230144739151,2
695,2166,1082,1,1.97408717870713,3
696,2167,1082,1,0.78821188211441,1
697,2164,1082,1,1.55153965950012,1
698,2169,1082,1,0.457712054252625,1
699,2165,1082,1,1.15174925327301,1
700,2161,1082,1,3.21851748228073,4
701,2163,1082,1,1.86614394187927,1
702,2368,1082,1,0.86426192522049,1
703,2168,1082,1,0.847126841545105,1
704,2365,1082,1,1.37241235375404,2
705,2162,1082,1,0.583036243915558,1
706,2147,1082,1,1.60676348209381,1
707,2227,1082,1,4.57179653644561,3
708,2146,1082,1,1.6469007730484,1
709,2369,1082,1,1.7850661277771,1
710,2151,1082,1,0.921789884567261,1
711,2144,1082,1,1.73330774903297,3
712,2145,1082,1,1.92443764209747,1
713,2142,1082,1,2.98178362846375,3
714,441,1082,1,1.5662430524826,1
715,2196,1082,1,3.33447736501694,2
716,2143,1082,1,0.609306335449219,1
717,2149,1082,1,0.750241339206696,1
718,2148,1082,1,1.72623205184937,1
719,442,1082,1,0.6522496342659,1
720,2198,1082,1,0.675661742687225,1
721,2150,1082,1,1.25632262229919,1
722,409,1082,1,1.13706143200397,2
723,2206,1082,1,0.711300820112229,2
724,412,1082,1,0.842585921287537,1
725,2155,1082,1,1.18225765228271,1
726,415,1082,1,1.94475635886192,4
727,2153,1082,1,1.3832323551178,1
728,2156,1082,1,0.317190736532211,1
729,2200,1082,1,2.00755500793457,1
730,2197,1082,1,1.12007954716682,2
731,2207,1082,1,0.359112977981567,1
732,410,1082,1,2.48472118377685,2
733,2349,1082,1,1.83464503288269,1
734,2204,1082,1,1.09426987171173,1
735,2201,1082,1,2.08251118659973,1
736,2202,1082,1,0.820873022079468,1
737,2154,1082,1,4.58617708086968,6
738,2157,1082,1,0.842844218015671,2
739,2226,1082,1,7.34125524759292,3
740,471,1082,1,1.71646255254745,2
741,2205,1082,1,1.30829274654388,1
742,438,1082,1,2.63804310560227,3
743,420,1082,1,1.54611656069756,4
744,428,1082,1,5.43294128775597,4
745,2203,1082,1,0.757608354091644,1
746,448,1082,1,8.10529074072839,8
747,418,1082,1,2.00369024276733,1
748,434,1082,1,1.72023212909698,1
749,2158,1082,1,0.918529659509659,2
750,2159,1082,1,0.325318992137909,1
751,424,1082,1,1.63826316595078,2
752,425,1082,1,2.50337621569633,3
753,2556,1082,1,1.55861961841583,3
754,451,1082,1,2.25245770812035,2
755,445,1082,1,7.19611924886703,13
756,2550,1082,1,1.56143707036972,3
757,2300,1082,1,1.43505720794201,5
758,455,1082,1,0.662600576877594,1
759,452,1082,1,0.637855529785156,1
760,443,1082,1,0.618768393993378,1
761,488,1082,1,1.78711512684822,4
762,2301,1082,1,1.89390158653259,1
763,433,1082,1,1.37127208709717,1
764,2552,1082,1,1.67011979222298,3
765,423,1082,1,1.76301646232605,2
766,422,1082,1,1.66256076097488,4
767,2555,1082,1,2.13083934783936,1
768,2563,1082,1,6.84868854284287,5
769,435,1082,1,3.40885037183762,3
770,426,1082,1,1.12702584266663,2
771,2592,1082,1,1.86008176207542,3
772,2551,1082,1,1.39361846446991,1
773,430,1082,1,5.25493848323823,4
774,2375,1082,1,0.80542641878128,2
775,447,1082,1,0.698200821876526,2
776,2554,1082,1,1.2007759809494,1
777,2553,1082,1,2.1514160335064,3
778,2590,1082,1,3.11280250549316,1
779,2254,1082,1,8.58030354976653,6
780,2376,1082,1,1.59011206030846,2
781,2557,1082,1,3.46304768323899,3
782,436,1082,1,1.25418305397034,1
783,468,1082,1,1.98116698861122,3
784,2589,1082,1,3.2029168009758,2
785,431,1082,1,3.54811155796051,3
786,483,1082,1,0.325323164463043,1
787,2549,1082,1,4.02948844432831,4
788,439,1082,1,10.5930521786213,9
789,482,1082,1,0.313554018735886,1
790,449,1082,1,13.8742335438728,12
791,2591,1082,1,1.61170554161072,1
792,461,1082,1,0.728203296661377,1
793,478,1082,1,3.43030586838723,6
794,2595,1082,1,0.397599905729294,1
795,2594,1082,1,2.42045497894287,1
796,457,1082,1,3.8556256890297,2
797,486,1082,1,0.886278182268142,2
798,2548,1082,1,3.47694512456655,6
799,437,1082,1,3.308245241642,5
800,2593,1082,1,1.37516415119171,1
801,568,1082,1,2.15174734592438,5
802,654,1082,1,1.0936017036438,1
803,652,1082,1,1.43026435375214,2
804,453,1082,1,8.17611241340638,8
805,2584,1082,1,0.433230072259903,1
806,571,1082,1,2.79036226868629,3
807,2560,1082,1,0.546599507331848,1
808,2252,1082,1,1.36826831102371,3
809,477,1082,1,3.05669820308685,3
810,2558,1082,1,1.22786355018616,1
811,450,1082,1,3.4591405838728,4
812,444,1082,1,1.99310046434403,2
813,2583,1082,1,1.8449300378561,5
814,2255,1082,1,1.45406326651573,2
815,466,1082,1,7.69328060746192,3
816,2559,1082,1,0.767225325107574,1
817,456,1082,1,0.77753084897995,1
818,612,1082,1,1.86220097541809,3
819,2581,1082,1,3.74269804358482,5
820,2248,1082,1,1.72484385967255,1
821,2253,1082,1,0.680168330669403,1
822,620,1082,1,0.394182413816452,1
823,2249,1082,1,0.1,0
824,2247,1082,1,1.32797539234161,1
825,2250,1082,1,0.1,0
826,454,1082,1,5.54453235864639,5
827,462,1082,1,1.70030152797699,1
828,2251,1082,1,1.42010593414307,1
829,569,1082,1,4.66106617450715,4
830,470,1082,1,3.00206160545349,1
831,2214,1082,1,1.18656694889069,1
832,492,1082,1,1.96396535634995,3
833,2587,1082,1,0.78788161277771,1
834,2586,1082,1,0.67786705493927,1
835,2215,1082,1,1.14125645160675,1
836,465,1082,1,2.84099984169006,5
837,474,1082,1,0.739840567111969,2
838,2585,1082,1,1.44286721944809,2
839,491,1082,1,3.55532371997833,3
840,2567,1082,1,1.42343294620514,1
841,2576,1082,1,1.20311093330383,2
842,2220,1082,1,0.1,0
843,2574,1082,1,1.28372037410736,2
844,2218,1082,1,3.67578887939453,4
845,2575,1082,1,1.99164202809334,3
846,2209,1082,1,3.24278450012207,1
847,476,1082,1,4.72804633155465,9
848,2210,1082,1,1.13421726226807,1
849,467,1082,1,2.55991762876511,5
850,472,1082,1,1.15420073270798,2
851,2211,1082,1,10.4333191215992,9
852,2212,1082,1,1.3739230632782,2
853,2580,1082,1,3.6785149872303,7
854,576,1082,1,5.5044463276863,3
855,1995,1082,1,19.3354430794716,11
856,464,1082,1,2.22017392516136,4
857,587,1082,1,1.99130046367645,1
858,487,1082,1,0.763905853033066,2
859,586,1082,1,3.38831329345703,1
860,589,1082,1,1.34445416927338,1
861,594,1082,1,0.831629514694214,1
862,574,1082,1,1.2639582157135,1
863,671,1082,1,4.26994061470032,5
864,684,1082,1,2.26812887191773,2
865,677,1082,1,1.52280592918396,1
866,1996,1082,1,1.1147369146347,1
867,496,1082,1,1.08369290828705,1
868,1998,1082,1,0.593059360980988,1
869,1997,1082,1,2.32620573043823,1
870,2216,1082,1,0.694940924644471,2
871,2588,1082,1,1.0974215567112,2
872,2213,1082,1,6.21713283658028,3
873,1993,1082,1,4.17050814628602,2
874,2579,1082,1,0.321648150682449,1
875,2217,1082,1,1.05334733426571,2
876,692,1082,1,1.7723069190979,1
877,1994,1082,1,2.75318437814712,3
878,480,1082,1,5.10118108987808,6
879,649,1082,1,3.58826717734337,4
880,2570,1082,1,1.60959139466286,3
881,2565,1082,1,2.58958560228348,2
882,1999,1082,1,1.98364847898484,2
883,722,1082,1,1.44764339923859,1
884,2219,1082,1,1.00639694929123,3
885,517,1082,1,1.31972515583038,2
886,640,1082,1,1.3050125837326,2
887,497,1082,1,4.4526104927063,1
888,658,1082,1,2.29427194595337,1
889,481,1082,1,2.73400127887726,3
890,495,1082,1,1.48143720626831,1
891,516,1082,1,0.645858108997345,2
892,518,1082,1,0.947260797023773,1
893,494,1082,1,1.24394688010216,3
894,493,1082,1,0.96690121293068,4
895,2573,1082,1,6.77685359120369,9
896,485,1082,1,1.86947858333588,1
897,529,1082,1,1.816820114851,2
898,2208,1082,1,2.65513044595718,4
899,2561,1082,1,1.51011827588081,2
900,2239,1082,1,0.985862493515015,2
901,528,1082,1,7.05569031834603,8
902,2562,1082,1,1.58071660995483,1
903,2238,1082,1,2.64738440513611,1
904,2571,1082,1,0.718963980674744,1
905,2568,1082,1,3.40066289901734,3
906,553,1082,1,1.13187974691391,2
907,626,1082,1,0.854999572038651,2
908,2566,1082,1,2.33566224575043,2
909,2569,1082,1,1.6204469203949,1
910,2237,1082,1,2.1597546339035,2
911,2572,1082,1,2.04654562473297,2
912,540,1082,1,0.704343259334564,1
913,2578,1082,1,1.49843686819076,2
914,499,1082,1,4.04811990261078,10
915,498,1082,1,20.1254810392857,25
916,2564,1082,1,0.959869980812073,1
917,2577,1082,1,1.24708759784698,1
918,2115,1082,1,4.17774724960327,1
919,2582,1082,1,1.23173761367798,1
920,501,1082,1,5.06629011034966,6
921,2620,1082,1,6.16533887386322,9
922,507,1082,1,0.616910934448242,1
923,503,1082,1,0.593616843223572,1
924,505,1082,1,2.85488402843475,3
925,2114,1082,1,0.851680099964142,1
926,2003,1082,1,0.873419374227524,2
927,2034,1082,1,0.648458123207092,1
928,2428,1082,1,2.16842651367188,1
929,2010,1082,1,4.53627222776413,7
930,2005,1082,1,0.645238757133484,2
931,2033,1082,1,4.16326224803924,7
932,509,1082,1,1.02354907989502,1
933,2622,1082,1,1.02515506744385,1
934,2004,1082,1,0.840532183647155,2
935,2619,1082,1,1.3908252120018,2
936,2000,1082,1,1.05594861507416,3
937,2009,1082,1,1.83834439516068,4
938,2624,1082,1,1.33580148220062,2
939,2623,1082,1,0.547269999980927,1
940,2621,1082,1,2.26257145404816,3
941,2625,1082,1,1.67933177947998,1
942,519,1082,1,1.6939355134964,3
943,1962,1082,1,0.570618629455566,1
944,536,1082,1,1.07608240842819,2
945,1961,1082,1,10.09261739254,10
946,537,1082,1,0.457536399364471,1
947,1964,1082,1,3.43987113237381,4
948,547,1082,1,1.50993666052818,4
949,2628,1082,1,0.374233901500702,1
950,2627,1082,1,0.812884271144867,2
951,1945,1082,1,10.7436056137085,1
952,526,1082,1,2.39166951179504,1
953,1963,1082,1,2.82620123028755,2
954,2626,1082,1,4.17010200023652,6
955,570,1082,1,2.36347150802612,1
956,1942,1082,1,23.8751285970211,12
957,2438,1082,1,2.95870554447174,4
958,523,1082,1,5.86927402764558,8
959,588,1082,1,1.13011208176613,3
960,2629,1082,1,2.13087344169617,3
961,2014,1082,1,0.995283678174019,2
962,2015,1082,1,2.82248240709305,2
963,531,1082,1,1.67754866182804,5
964,2609,1082,1,4.68671492487192,6
965,1965,1082,1,1.35444259643555,1
966,1950,1082,1,1.90101483464241,4
967,532,1082,1,1.08922851085663,1
968,1946,1082,1,3.66117596626282,2
969,2437,1082,1,1.58752351999283,3
970,1947,1082,1,2.07348155975342,1
971,579,1082,1,2.84024429321289,6
972,2138,1082,1,4.11019809544086,5
973,524,1082,1,1.61878764629364,1
974,530,1082,1,3.45925717055798,4
975,578,1082,1,1.98076105117798,1
976,2653,1082,1,1.11194932460785,1
977,2650,1082,1,4.64677193760872,6
978,2648,1082,1,2.59555673599243,1
979,1949,1082,1,0.623402833938599,1
980,2652,1082,1,0.948051154613495,1
981,1991,1082,1,3.61538492143154,7
982,585,1082,1,1.59254710376263,3
983,2649,1082,1,2.18279707431793,4
984,2647,1082,1,1.16326838731766,2
985,1944,1082,1,5.22950360178948,7
986,1948,1082,1,0.721924304962158,1
987,522,1082,1,1.46760368347168,2
988,549,1082,1,8.46392107009888,10
989,564,1082,1,2.15981239080429,3
990,602,1082,1,0.296662300825119,1
991,2657,1082,1,0.793423950672149,2
992,2182,1082,1,4.68089801073075,4
993,2663,1082,1,1.21989232301712,2
994,1943,1082,1,0.535472691059113,1
995,2424,1082,1,1.48947921395302,3
996,1992,1082,1,1.59472550451756,4
997,2184,1082,1,4.65496954321861,6
998,533,1082,1,1.57787373661995,2
999,2434,1082,1,1.14478811621666,2
1000,1987,1082,1,5.33569657802582,5
1001,2436,1082,1,2.42541265487671,1
1002,534,1082,1,1.3026414513588,2
1003,2183,1082,1,2.24514478445054,3
1004,2655,1082,1,0.789740562438965,1
1005,2435,1082,1,2.21456408500671,1
1006,520,1082,1,5.22472712397576,7
1007,1954,1082,1,1.04131826758385,2
1008,2651,1082,1,17.5011066384614,12
1009,535,1082,1,1.61618104577064,2
1010,2411,1082,1,12.3810628652573,8
1011,2185,1082,1,3.11856186389924,2
1012,2656,1082,1,1.52798479795456,2
1013,614,1082,1,2.59300661087036,1
1014,1952,1082,1,2.75319150090218,3
1015,2223,1082,1,4.0892664194107,3
1016,1953,1082,1,1.83139064908028,3
1017,2466,1082,1,4.9884443283081,3
1018,2412,1082,1,1.0686776638031,1
1019,1951,1082,1,1.76029002666473,3
1020,616,1082,1,2.45294654369354,2
1021,2415,1082,1,6.5578078329563,6
1022,1981,1082,1,0.1,0
1023,1980,1082,1,0.275324046611786,1
1024,615,1082,1,0.989175856113434,1
1025,1983,1082,1,0.672511041164398,1
1026,2654,1082,1,3.39820241928101,1
1027,2671,1082,1,0.78535783290863,1
1028,2665,1082,1,2.75413650274277,3
1029,2417,1082,1,1.04845321178436,1
1030,621,1082,1,1.02085793018341,1
1031,2659,1082,1,5.374342687428,5
1032,1984,1082,1,1.44650292396545,1
1033,2658,1082,1,4.68076956272125,3
1034,1985,1082,1,0.848485708236694,1
1035,1982,1082,1,1.38624596595764,2
1036,2418,1082,1,0.975395023822784,1
1037,2666,1082,1,1.52902138233185,3
1038,601,1082,1,0.651447951793671,1
1039,2413,1082,1,0.836271345615387,1
1040,2416,1082,1,0.965483069419861,1
1041,2419,1082,1,0.374949514865875,1
1042,2429,1082,1,2.16693976521492,4
1043,2427,1082,1,2.12677735090256,3
1044,2409,1082,1,1.5226583480835,1
1045,2414,1082,1,0.324935674667358,1
1046,2410,1082,1,0.8696209192276,1
1047,2667,1082,1,1.62661337852478,1
1048,2447,1082,1,5.14644223451615,4
1049,2453,1082,1,0.900167644023895,2
1050,2455,1082,1,0.763989448547363,1
1051,2664,1082,1,1.18949234485626,1
1052,584,1082,1,0.926351547241211,1
1053,581,1082,1,1.47510135173798,1
1054,2452,1082,1,2.4462633728981,3
1055,2451,1082,1,1.74983239173889,1
1056,538,1082,1,1.55189335346222,2
1057,2432,1082,1,0.43707874417305,1
1058,2662,1082,1,3.52267763018608,8
1059,2454,1082,1,0.626720726490021,1
1060,2450,1082,1,0.987955033779145,2
1061,2449,1082,1,3.06835430860519,3
1062,631,1082,1,6.52494581788779,12
1063,2668,1082,1,2.35744920372963,8
1064,2462,1082,1,1.1324602663517,4
1065,555,1082,1,2.30324053764343,1
1066,542,1082,1,2.34394106268883,4
1067,2460,1082,1,2.03240102529526,3
1068,2431,1082,1,2.52229702472687,3
1069,2463,1082,1,0.59882664680481,1
1070,2461,1082,1,1.15689823031425,2
1071,2430,1082,1,5.16225384175777,7
1072,550,1082,1,1.5664484500885,2
1073,582,1082,1,1.20856952667236,1
1074,2465,1082,1,0.7169429063797,1
1075,2273,1082,1,0.509991824626923,1
1076,628,1082,1,3.43960145115852,4
1077,2433,1082,1,2.02281293272972,3
1078,554,1082,1,12.5482625365257,10
1079,2673,1082,1,0.622279584407806,1
1080,597,1082,1,0.97460389137268,2
1081,552,1082,1,0.510306179523468,1
1082,2670,1082,1,1.3966429233551,1
1083,2669,1082,1,2.15084451436996,2
1084,2470,1082,1,1.65822225809097,3
1085,2469,1082,1,1.56925973296165,2
1086,2468,1082,1,1.64314496517181,1
1087,2421,1082,1,5.57438093423844,6
1088,2672,1082,1,1.97726857662201,1
1089,599,1082,1,11.2466779053211,11
1090,2681,1082,1,2.12879297137261,2
1091,2471,1082,1,2.70880448818207,4
1092,2680,1082,1,5.70646286010742,1
1093,613,1082,1,0.866897821426392,1
1094,2679,1082,1,4.08166560530663,5
1095,2425,1082,1,2.81615775823593,6
1096,2678,1082,1,2.20290714502335,2
1097,2683,1082,1,1.59397172927856,1
1098,541,1082,1,2.80442243814468,3
1099,2682,1082,1,1.84117421507835,3
1100,600,1082,1,2.27675098180771,6
1101,546,1082,1,3.23859572410583,3
1102,558,1082,1,6.07512879371643,3
1103,2687,1082,1,0.414757519960403,1
1104,575,1082,1,1.97032654285431,1
1105,617,1082,1,1.44807124137878,2
1106,2467,1082,1,4.59909254312515,5
1107,2422,1082,1,3.38538011908531,5
1108,2684,1082,1,2.72093796730042,1
1109,2686,1082,1,0.1,0
1110,562,1082,1,6.37243714928626,11
1111,544,1082,1,1.8677978515625,1
1112,606,1082,1,1.58182513713837,2
1113,539,1082,1,4.71951732039452,7
1114,2685,1082,1,1.94209444522857,2
1115,2674,1082,1,5.50923171639442,6
1116,2677,1082,1,2.90485000610352,1
1117,556,1082,1,4.10206279158593,5
1118,672,1082,1,2.50957128405571,4
1119,557,1082,1,2.00573736429215,3
1120,2675,1082,1,0.52800840139389,1
1121,644,1082,1,5.163059592247,2
1122,2423,1082,1,2.715580701828,2
1123,2420,1082,1,10.7328870296478,16
1124,573,1082,1,1.22015464305878,1
1125,560,1082,1,4.25864323973656,4
1126,566,1082,1,1.49519681930542,1
1127,643,1082,1,0.1,0
1128,563,1082,1,1.68556982278824,2
1129,645,1082,1,1.36070275306702,1
1130,623,1082,1,0.781136214733124,1
1131,2676,1082,1,2.56699189543725,3
1132,2190,1080,1,10.150753736496,4
1133,577,1082,1,0.985235363245011,2
1134,641,1082,1,6.92206847667695,4
1135,565,1082,1,0.373894900083542,1
1136,572,1082,1,10.8545109629631,9
1137,561,1082,1,1.73261621594429,3
1138,707,1082,1,0.484605520963669,1
1139,2426,1082,1,1.68645799160004,4
1140,596,1080,1,9.40605595707893,8
1141,2688,1082,1,10.8258809447288,12
1142,2448,1082,1,8.08358764648438,9
1143,605,1080,1,1.16377317905426,1
1144,709,1082,1,1.9069037437439,3
1145,598,1082,1,1.59826427698135,4
1146,580,1082,1,3.03072075545788,5
1147,693,1082,1,2.49531994014979,9
1148,583,1082,1,1.1889563202858,2
1149,696,1082,1,0.950486660003662,2
1150,603,1082,1,2.18328470736742,18
1151,2191,1080,1,9.40989615023136,13
1152,723,1082,1,5.40747436881066,8
1153,607,1082,1,1.63763451576233,3
1154,2456,1082,1,15.6791274547577,11
1155,591,1082,1,4.80485033988953,7
1156,2459,1082,1,6.33901292085648,7
1157,610,1082,1,2.05423897504807,3
1158,611,1080,1,1.3231281042099,2
1159,752,1082,1,1.43059614300728,4
1160,726,1082,1,0.934446036815644,2
1161,721,1082,1,1.43809670209885,4
1162,2464,1082,1,0.742235422134399,1
1163,639,1082,1,9.68002614378929,7
1164,2270,1080,1,0.1,0
1165,2268,1080,1,2.0726278424263,2
1166,592,1082,1,2.12931877374649,2
1167,2615,1082,1,3.76517742872238,8
1168,2689,1082,1,2.87112635374069,2
1169,2269,1080,1,0.558437347412109,1
1170,2259,1080,1,2.44607228040695,4
1171,2690,1082,1,2.24988627433777,1
1172,2633,1082,1,3.6608073413372,4
1173,609,1082,1,2.18767431378365,4
1174,2260,1080,1,0.724326014518738,1
1175,636,1082,1,1.69662690162659,1
1176,2457,1082,1,2.37926694750786,4
1177,2257,1080,1,0.325377821922302,1
1178,2634,1082,1,4.22555401921272,8
1179,648,1082,1,0.464611291885376,1
1180,2258,1080,1,0.374346882104874,1
1181,2256,1080,1,0.96630409359932,2
1182,2458,1082,1,2.13516891002655,4
1183,2632,1082,1,2.55169752240181,4
1184,2502,1082,1,5.51750778406858,7
1185,2631,1082,1,1.13035425543785,2
1186,657,1082,1,1.90360701084137,1
1187,2640,1082,1,2.86744368076325,3
1188,625,1082,1,1.74080657958985,2
1189,633,1082,1,0.621053874492645,1
1190,2691,1082,1,1.99329710006714,1
1191,2222,1080,1,1.89579302072525,3
1192,2641,1082,1,0.417809039354324,1
1193,2221,1080,1,2.04084235429764,2
1194,2140,1080,1,3.29266673326493,3
1195,1622,1333,1,2.82266047596932,5
1196,2139,1080,1,4.71428918838501,6
1197,2545,1082,1,1.27328875660896,2
1198,2141,1080,1,1.3864272236824,3
1199,2129,1080,1,4.12259724736214,5
1200,2646,1082,1,2.12057739496232,4
1201,2645,1082,1,0.421909123659134,1
1202,1384,1333,1,1.96688428521156,4
1203,1385,1333,1,0.503906607627869,1
1204,2606,1082,1,3.1082204580307,2
1205,1386,1333,1,0.748758018016815,1
1206,1685,1333,1,5.84638820588589,3
1207,1684,1333,1,2.04115414619446,2
1208,1383,1333,1,13.5478389561176,8
1209,1773,1333,1,0.331702917814255,1
1210,1367,1333,1,5.76055827736855,9
1211,619,1333,1,1.06545007228851,1
1212,2095,1080,1,6.2425708770752,1
1213,1365,1333,1,1.54897004365922,2
1214,2605,1082,1,2.57112827897072,2
1215,627,1081,1,3.28735387325287,2
1216,1380,1333,1,0.684889048337937,2
1217,622,1333,1,2.70077216625213,2
1218,1361,1333,1,2.51291602849961,2
1219,1357,1333,1,1.46252554655075,3
1220,629,1333,1,1.55389088392258,3
1221,1351,1333,1,2.00680607557297,5
1222,1352,1333,1,3.81101360544562,5
1223,1362,1333,1,1.19525814056396,1
1224,1368,1333,1,0.737360000610352,1
1225,2607,1082,1,1.26699915528298,2
1226,1354,1333,1,0.715488910675049,1
1227,1377,1333,1,0.466752469539642,1
1228,1283,1333,1,1.75661611557007,1
1229,2092,1080,1,1.84103554487229,3
1230,1282,1333,1,1.08338725566864,3
1231,1353,1333,1,1.03566491603851,2
1232,1817,1333,1,1.03494915366173,2
1233,2611,1082,1,1.5254570543766,2
1234,1284,1333,1,1.16726446151733,1
1235,1818,1333,1,2.17667029798031,4
1236,2612,1082,1,0.980038344860077,1
1237,1356,1333,1,5.09833931922913,2
1238,1375,1333,1,2.95258402824402,2
1239,1376,1333,1,0.325394541025162,1
1240,1839,1081,1,0.491043597459793,1
1241,2094,1080,1,0.695126593112946,1
1242,1355,1333,1,0.951933860778809,1
1243,1288,1333,1,7.61969798803329,7
1244,1297,1333,1,5.05825471878052,1
1245,630,1333,1,1.32118739932775,8
1246,2091,1080,1,2.7695614695549,5
1247,1302,1333,1,1.09036064147949,1
1248,1287,1333,1,1.19380617141724,1
1249,1815,1081,1,1.01693797111511,1
1250,1278,1333,1,2.88395345211029,3
1251,1358,1333,1,2.21375370025635,1
1252,1820,1081,1,42.0347648710013,19
1253,1344,1333,1,2.49586051702499,4
1254,632,1333,1,1.90000489354134,3
1255,1300,1333,1,2.22665983438491,2
1256,1295,1333,1,1.61102432012558,3
1257,1298,1333,1,0.707444429397583,1
1258,1296,1333,1,1.52277731895447,1
1259,1299,1333,1,0.926950573921204,2
1260,1360,1333,1,1.755526304245,1
1261,1301,1333,1,0.767938375473022,1
1262,1828,1081,1,5.4398997426033,2
1263,1830,1081,1,1.29599988460541,1
1264,1831,1081,1,1.45161974430084,1
1265,1832,1081,1,2.41026163101196,1
1266,2093,1080,1,0.893771201372147,2
1267,1339,1333,1,6.87068471312522,8
1268,1366,1333,1,0.940250903367996,2
1269,1349,1333,1,1.1401572227478,1
1270,1347,1333,1,3.69801445305347,7
1271,1285,1333,1,2.54068744182586,2
1272,1345,1333,1,0.452735930681229,1
1273,1359,1333,1,1.0508337020874,1
1274,2040,1080,1,5.08130484446883,6
1275,1337,1333,1,0.517747819423676,1
1276,1381,1333,1,1.96073418855667,3
1277,1290,1333,1,3.00870132446289,1
1278,1289,1333,1,2.52164137363434,6
1279,1346,1333,1,2.30109089612961,3
1280,1294,1333,1,1.00012111663818,1
1281,1308,1333,1,1.29982107877731,2
1282,1338,1333,1,2.69888553023338,4
1283,1293,1333,1,0.603891536593437,2
1284,1371,1333,1,0.626175284385681,1
1285,1770,1333,1,3.79390302300453,7
1286,1286,1333,1,1.88964140415192,1
1287,2039,1080,1,7.5182393938303,10
1288,1369,1333,1,4.43440014123916,6
1289,1291,1333,1,0.373581022024155,1
1290,1348,1333,1,2.10062621533871,5
1291,1292,1333,1,1.30112934112549,2
1292,2630,1082,1,1.96002733707428,1
1293,1307,1333,1,1.99718278646469,4
1294,1350,1333,1,1.322101354599,1
1295,634,1333,1,3.37455557286739,6
1296,1373,1333,1,3.23751187324524,4
1297,2635,1082,1,4.03305530548096,1
1298,1771,1333,1,6.24127185344696,7
1299,1771,1081,1,3.5362860262394,3
1300,635,1333,1,2.02666813135147,2
1301,1374,1333,1,2.17960345745087,5
1302,1310,1333,1,5.09365755319595,8
1303,1809,1081,1,2.31281608343124,3
1304,1370,1333,1,10.5340578854084,13
1305,638,1333,1,6.43421769142151,2
1306,1379,1333,1,1.44078555703163,2
1307,1313,1333,1,10.8661757111549,16
1308,1314,1333,1,0.828314214944839,2
1309,1810,1081,1,1.04244577884674,1
1310,1311,1333,1,1.14164388179779,3
1311,1304,1333,1,2.79511448740959,3
1312,856,1082,1,6.22235780954361,3
1313,1378,1333,1,3.44978246092797,3
1314,1316,1333,1,1.94705498218536,2
1315,1303,1333,1,2.03482918441296,3
1316,1305,1333,1,1.11106622219086,1
1317,1315,1333,1,0.29757696390152,1
1318,1306,1333,1,0.57290130853653,1
1319,1312,1333,1,1.45957362651825,1
1320,1826,1081,1,0.736716091632843,1
1321,1382,1333,1,11.557195931673,9
1322,1309,1333,1,1.42619735002518,2
1323,1825,1081,1,1.16210854053497,1
1324,1191,1333,1,15.405056476593,16
1325,2016,1080,1,3.14457654953003,5
1326,2020,1080,1,1.18364477157593,1
1327,1280,1333,1,1.39686664938927,3
1328,2637,1082,1,2.79457747936249,5
1329,851,1082,1,20.0092273652554,20
1330,650,1333,1,7.3905650228262,9
1331,1279,1333,1,2.95758748054504,1
1332,1824,1081,1,0.1,0
1333,1824,1333,0,0.1,0
1334,929,1080,1,10.9255856275559,11
1335,929,1082,1,10.6790390014648,1
1336,647,1333,1,3.56594371795655,4
1337,2023,1080,1,1.59460210800171,2
1338,2017,1080,1,0.531699657440186,1
1339,1281,1333,1,11.3888246119022,14
1340,1741,1081,1,0.703815162181854,1
1341,2025,1080,1,0.1,0
1342,2379,1082,1,8.203304708004,8
1343,865,1082,1,7.43255308270454,5
1344,863,1082,1,1.43057250976562,1
1345,2024,1080,1,0.276742696762085,1
1346,861,1082,1,6.71238294243812,6
1347,653,1333,1,1.50332462787628,1
1348,2022,1080,1,0.998675584793091,1
1349,2021,1080,1,1.00101055204868,3
1350,655,1333,1,1.83018207550049,3
1351,660,1333,1,8.43214455246926,6
1352,2019,1080,1,0.490984708070755,1
1353,656,1333,1,2.01287764310837,5
1354,2636,1082,1,2.94479629397393,3
1355,931,1080,1,4.65020777285099,5
1356,914,1080,1,12.3072348088026,14
1357,1195,1333,1,0.95594161748886,3
1358,1573,1082,1,22.6920883059502,27
1359,1192,1333,1,7.96564325690269,10
1360,906,1080,1,26.2710771113634,23
1361,1196,1333,1,2.05762839317322,1
1362,1870,1082,1,6.42134934663773,8
1363,1413,1082,1,4.1776077747345,6
1364,2012,1080,1,2.14224201440811,4
1365,1194,1333,1,4.7180138528347,2
1366,2011,1080,1,0.416578441858292,1
1367,1193,1333,1,8.07812121510506,6
1368,993,1082,1,9.25537616014481,9
1369,1577,1082,1,1.70363596081734,3
1370,1276,1333,1,0.617897778749466,2
1371,1273,1333,1,5.48497515916824,3
1372,1567,1082,1,2.80175828933716,2
1373,1416,1082,1,2.11419796943665,1
1374,1274,1333,1,5.96008020639419,7
1375,1571,1082,1,3.40861082077026,1
1376,1867,1082,1,8.77045232057572,5
1377,1414,1082,1,2.83119958639145,3
1378,659,1333,1,2.48277014866471,7
1379,920,1080,1,9.45925545692445,4
1380,1547,1082,1,4.37778177857399,5
1381,1570,1082,1,1.83417630195618,1
1382,1418,1082,1,2.10682466626167,3
1383,1421,1082,1,0.597932040691376,1
1384,1277,1333,1,3.10251754522324,7
1385,1689,1081,1,3.42895001173019,4
1386,1565,1082,1,3.38335007429123,5
1387,1569,1082,1,2.15280041098595,5
1388,1275,1333,1,3.74542731046677,2
1389,1869,1082,1,5.22879630327224,6
1390,1546,1082,1,9.98096621036529,3
1391,1690,1081,1,1.34607380628586,2
1392,1865,1082,1,3.05133938789368,3
1393,1326,1333,1,0.627206385135651,1
1394,1566,1082,1,5.81747460365295,9
1395,1320,1333,1,2.68276309967041,1
1396,1576,1082,1,0.520644724369049,1
1397,1635,1081,1,1.90711355209351,1
1398,1412,1082,1,1.68775689601898,2
1399,1864,1082,1,13.5140993893146,9
1400,1323,1333,1,1.43907368183136,1
1401,661,1082,1,1.23536145687103,1
1402,1521,1081,1,8.65442717075348,7
1403,1328,1333,1,0.971443325281143,2
1404,1483,1082,1,1.31930899620056,1
1405,1324,1333,1,6.68312738835811,10
1406,1868,1082,1,4.64856743812561,3
1407,1575,1082,1,5.68456166982651,4
1408,1327,1333,1,2.46369504928589,1
1409,932,1080,1,20.8117099106312,14
1410,1553,1082,1,2.55130469799042,3
1411,1329,1333,1,1.78185534477234,3
1412,1551,1082,1,1.35570365190506,2
1413,1557,1082,1,1.52045744657516,2
1414,1554,1082,1,1.66511821746827,2
1415,1550,1082,1,1.82508307695389,2
1416,1318,1333,1,2.33381813764572,4
1417,1523,1082,1,1.63370227813721,3
1418,1317,1333,1,1.27408123016357,1
1419,1321,1333,1,1.09273457527161,1
1420,1322,1333,1,1.46547803282738,3
1421,1319,1333,1,3.4128246307373,2
1422,1875,1082,1,2.83036875724792,1
1423,1325,1333,1,0.1,0
1424,2177,1082,1,1.10249865055084,2
1425,1874,1082,1,1.38947078585625,3
1426,1873,1082,1,1.9119980931282,2
1427,1626,1082,1,3.46954840421677,3
1428,1372,1333,1,0.612044811248779,1
1429,1834,1082,1,2.92462542653083,3
1430,1520,1081,1,0.815693855285645,1
1431,1988,1080,1,3.65771740674972,5
1432,1628,1082,1,2.99276047945023,3
1433,662,1081,1,1.26314800977707,2
1434,1883,1082,1,5.04386138916015,2
1435,1990,1080,1,1.62015771865845,2
1436,1415,1081,1,1.54604172706604,1
1437,1504,1081,1,1.06339240074158,1
1438,1989,1080,1,0.321119606494904,1
1439,1503,1081,1,1.14456528425217,2
1440,1968,1080,1,19.6751244701445,23
1441,1505,1081,1,2.20966219902038,2
1442,997,1081,1,2.70915487408638,4
1443,1213,1333,1,1.54136645793915,1
1444,1223,1333,1,0.843382239341736,1
1445,1208,1333,1,0.351533472537994,1
1446,1221,1333,1,0.463312208652496,1
1447,1272,1333,1,1.01050317287445,1
1448,1220,1333,1,0.448144555091858,1
1449,1972,1080,1,6.96742817759513,7
1450,1501,1081,1,8.81051285564899,10
1451,1209,1333,1,3.79317644238472,4
1452,1217,1333,1,1.254304677248,3
1453,1506,1081,1,1.15511584281921,1
1454,1212,1333,1,1.6407618522644,2
1455,1215,1333,1,0.886041224002838,2
1456,1214,1333,1,1.30644810199738,1
1457,1500,1081,1,13.7233794368803,13
1458,1228,1333,1,1.10221493244171,1
1459,1216,1333,1,1.34431278705597,1
1460,1224,1333,1,0.771097660064697,1
1461,1207,1333,1,3.32237783074379,5
1462,1222,1333,1,0.930488795042038,2
1463,998,1081,1,1.05576014518738,2
1464,1226,1333,1,1.42829382419586,1
1465,1225,1333,1,0.95896190404892,1
1466,1227,1333,1,0.749572694301605,1
1467,1975,1080,1,3.34894862771035,5
1468,1229,1333,1,0.598581790924072,1
1469,1271,1333,1,0.796838104724884,1
1470,1211,1333,1,9.14512139558792,17
1471,1467,1080,1,2.63002216815949,2
1472,1210,1333,1,1.75388464331627,2
1473,1205,1333,1,1.35030514001846,2
1474,1502,1081,1,2.2422399520874,1
1475,1976,1080,1,1.18807780742645,1
1476,1978,1080,1,1.57465803623199,1
1477,995,1081,1,2.62459915876389,3
1478,1218,1333,1,0.596997916698456,1
1479,1206,1333,1,2.44659620523453,3
1480,1977,1080,1,1.51162302494049,1
1481,1508,1081,1,1.8355719447136,2
1482,1471,1080,1,1.58481258153915,2
1483,1970,1080,1,0.774739801883698,1
1484,1509,1081,1,1.35349816083908,2
1485,994,1081,1,4.81488205492496,7
1486,996,1081,1,1.08235144615173,1
1487,1219,1333,1,2.33741000294685,4
1488,1971,1080,1,0.1,0
1489,1198,1333,1,6.90816652774811,4
1490,1967,1080,1,1.35716259479523,1
1491,1969,1080,1,0.284024745225906,1
1492,930,1081,1,5.38708263635636,6
1493,1966,1080,1,0.590319812297821,1
1494,1974,1080,1,0.926232516765594,1
1495,1973,1080,1,1.13382792472839,1
1496,925,1081,1,6.51453211903573,6
1497,926,1081,1,4.89929640293121,3
1498,663,1081,1,2.55303335189819,1
1499,933,1081,1,2.61120513081551,3
1500,1199,1333,1,2.31853112578392,3
1501,809,1081,1,10.5520238876343,1
1502,927,1081,1,9.86511418968439,13
1503,664,1081,1,6.61833319067956,4
1504,1200,1333,1,1.41788148880005,2
1505,666,1081,1,2.19938921928406,1
1506,1197,1333,1,2.21937984228134,2
1507,1204,1333,1,0.875444173812866,1
1508,928,1081,1,1.75666613504291,6
1509,706,1081,1,15.8711815476418,8
1510,718,1081,1,8.81817337870597,16
1511,1202,1333,1,1.84389415383339,3
1512,1979,1080,1,1.45563369989395,2
1513,1201,1333,1,1.3164441883564,2
1514,1201,1340,1,1.61401784420013,1
1515,1201,1340,0,0.1,0
1516,1201,1340,0,0.1,0
1517,665,1081,1,1.53964638710022,1
1518,1203,1349,1,6.44528213143348,8
1519,667,1081,1,5.31938150525093,6
1520,810,1081,1,2.81534662842751,5
1521,668,1081,1,1.91911631822587,2
1522,716,1081,1,0.417850583791733,1
1523,719,1081,1,1.90924870967865,3
1524,1424,1080,1,5.87335872650146,1
1525,702,1081,1,1.4383260011673,2
1526,697,1081,1,5.3518457710743,6
1527,669,1349,1,2.69854354858398,1
1528,1230,1349,1,12.743355512619,21
1529,711,1081,1,9.15371498465538,6
1530,673,1081,1,3.28903889656067,1
1531,708,1285,1,10.6305505633354,6
1532,1231,1349,1,2.60424602031707,2
1533,1252,1349,1,1.88349622488022,2
1534,720,1081,1,2.19897174835205,1
1535,728,1081,1,1.35761016607285,2
1536,1253,1349,1,1.45744264125824,2
1537,762,1285,1,1.42062368988991,3
1538,725,1081,1,2.13184124231339,2
1539,733,1081,1,6.94606763124466,7
1540,674,1081,1,1.38029217720032,1
1541,1423,1080,1,7.16182799637317,15
1542,713,1081,1,12.0719468593597,11
1543,739,1081,1,1.95005583763123,2
1544,1263,1349,1,0.942942947149276,2
1545,715,1081,1,9.26847463846207,5
1546,1254,1349,1,10.8892601728439,13
1547,705,1081,1,2.27216589450836,3
1548,1257,1349,1,1.35235211253166,3
1549,1432,1080,1,1.24787746369838,2
1550,1430,1080,1,6.05181915313005,8
1551,1251,1349,1,3.96884441375732,1
1552,1429,1080,1,4.08088207244873,3
1553,675,1285,0,0.1,0
1554,675,1286,1,1.7330983877182,2
1555,1256,1349,1,3.13511252403259,2
1556,1250,1349,1,2.51205113530159,3
1557,1465,1344,1,2.82947206497193,3
1558,1260,1349,1,1.60284361243248,3
1559,1559,1344,1,0.247577473521233,1
1560,934,1080,1,37.898599922657,55
1561,1499,1344,1,3.50503849983215,6
1562,651,1081,1,3.52105093002319,1
1563,1449,1080,1,3.14219087362289,5
1564,679,1349,1,6.11165867745877,10
1565,1258,1349,1,2.7687304019928,1
1566,1259,1349,1,2.51604676246643,1
1567,642,1081,1,1.94073089957237,3
1568,1574,1344,1,1.54659485816956,1
1569,676,1081,1,1.43815851211548,2
1570,1363,1349,1,21.1746603250504,16
1571,1417,1344,1,5.25324320793152,9
1572,1558,1344,1,2.54866480827332,1
1573,1364,1349,1,1.60211712121964,2
1574,1262,1349,1,2.66037303209305,3
1575,1240,1349,1,7.26900981366634,9
1576,1428,1080,1,20.5623045116663,20
1577,1572,1344,1,1.08839330077171,2
1578,1261,1349,1,1.96685534715652,3
1579,637,1081,1,16.6244028508663,23
1580,1255,1349,1,1.18445700407028,3
1581,1437,1080,1,2.35166770219803,2
1582,1390,1344,1,10.6670037209988,14
1583,1247,1349,1,1.42574918270111,4
1584,670,1081,1,7.00966128706932,7
1585,1243,1349,1,4.08344113826752,6
1586,1241,1349,1,1.76135915517807,2
1587,1242,1349,1,15.5966447293758,14
1588,1580,1344,1,0.87023001909256,1
1589,1555,1344,1,4.53981584310532,2
1590,1336,1349,1,1.68383005261421,3
1591,1248,1349,1,1.77045273780823,1
1592,1249,1349,1,1.20791721343994,1
1593,646,1081,1,4.2194599211216,4
1594,1556,1344,1,1.36381337046623,3
1595,1588,1344,1,5.65816292166709,4
1596,1584,1344,1,6.34255886077881,1
1597,1578,1344,1,8.41153144836426,1
1598,680,1081,1,3.52760365605354,2
1599,1441,1080,1,1.71292626857758,2
1600,1581,1344,1,4.2669688463211,3
1601,1246,1349,1,7.11774922907353,14
1602,682,1081,1,1.8984662592411,4
1603,1589,1344,1,0.977352142333984,2
1604,1579,1344,1,1.77080893516541,1
1605,1590,1344,1,1.37916910648346,2
1606,1586,1344,1,6.96145263314246,5
1607,1583,1344,1,2.16715654730797,3
1608,690,1081,1,0.514950096607208,1
1609,844,1287,1,1.15931397676468,2
1610,1585,1344,1,1.76424765586853,1
1611,1438,1080,1,3.12477087974548,1
1612,945,1080,1,7.93520556390285,8
1613,1239,1349,1,1.23638327419758,3
1614,681,1344,1,9.50738316774369,8
1615,981,1080,1,2.80939322710037,3
1616,1244,1349,1,0.791920498013496,2
1617,1537,1344,1,1.24226766824722,2
1618,1538,1344,1,1.92256760597229,1
1619,1245,1349,1,0.656967282295227,1
1620,1582,1344,1,1.26828646659851,1
1621,1535,1344,1,5.27889627218246,7
1622,1392,1344,1,1.64522558450699,2
1623,1536,1344,1,3.29070246219635,4
1624,1387,1349,1,6.17889982461929,9
1625,1387,1344,1,2.96519237756729,2
1626,1436,1080,1,4.72408986091614,10
1627,1534,1344,1,17.7347751557827,12
1628,678,1344,1,1.57930925488472,3
1629,1439,1080,1,1.52094206213951,4
1630,1531,1344,1,11.8153279274702,15
1631,1443,1080,1,3.438252389431,4
1632,1389,1344,1,0.852503150701523,2
1633,983,1080,1,0.322065472602844,1
1634,1394,1344,1,0.673835456371307,1
1635,1391,1344,1,2.64383291825652,5
1636,947,1080,1,2.86056283116341,4
1637,1533,1344,1,1.80452594161034,3
1638,936,1080,1,6.14091297984123,13
1639,826,1081,1,0.302335351705551,1
1640,826,1343,0,0.1,0
1641,826,1343,1,0.1,0
1642,826,1343,1,4.85439011454582,4
1643,1388,1344,1,2.64798951148987,1
1644,1434,1080,1,2.34191605448723,6
1645,1540,1344,1,5.12686762213707,6
1646,695,1080,1,3.00894215703011,3
1647,689,1344,1,4.06567108631134,3
1648,1435,1080,1,2.06494760513306,1
1649,1408,1344,1,7.27460050582885,2
1650,1401,1344,1,30.6826991736889,17
1651,747,1081,1,2.63846048712731,3
1652,964,1080,1,0.775476425886154,2
1653,685,1344,1,3.30429068207741,4
1654,686,1080,1,24.8263756781817,18
1655,683,1344,1,3.04517075419426,6
1656,1393,1344,1,1.48207718133926,2
1657,958,1080,1,3.42647895216942,8
1658,954,1080,1,4.33444578945636,5
1659,691,1344,1,2.45258897542954,3
1660,960,1080,1,1.40978023409843,2
1661,956,1080,1,3.79594998061657,10
1662,1411,1344,1,1.41641485691071,1
1663,857,1081,1,1.85725033283234,3
1664,961,1080,1,3.57677817344665,7
1665,1409,1344,1,1.31924977898598,3
1666,1169,1344,1,36.2158629149198,43
1667,1402,1344,1,2.89338618516922,3
1668,854,1081,1,0.65843540430069,1
1669,807,1081,1,0.581313967704773,1
1670,1407,1344,1,2.60218942165375,3
1671,801,1081,1,1.13241279125214,1
1672,1403,1344,1,4.61888074874878,4
1673,953,1080,1,9.27150667458774,20
1674,746,1290,1,7.75087428092956,9
1675,952,1080,1,1.19582435488701,2
1676,783,1290,1,2.59864446520805,2
1677,1405,1344,1,1.90106844902039,3
1678,777,1081,1,4.9086548089981,2
1679,944,1080,1,55.7470644637942,80
1680,765,1081,1,2.44350814819336,1
1681,743,1290,1,1.90827807784081,3
1682,780,1290,1,2.55994987487793,6
1683,787,1081,1,0.900924384593964,1
1684,785,1081,1,10.3238431066275,9
1685,688,1080,1,1.13782888650894,2
1686,758,1081,1,0.713318049907684,1
1687,778,1343,1,11.6639966964722,9
1688,1877,1080,1,62.5978494435549,52
1689,946,1080,1,2.20164260268211,2
1690,1895,1080,1,0.558631300926208,1
1691,821,1343,1,20.5401650816202,29
1692,1894,1080,1,1.20914900302887,1
1693,770,1344,1,1.62512972950935,4
1694,712,1344,1,11.1835662126541,9
1695,775,1344,1,0.78932112455368,1
1696,698,1344,1,1.84975400567055,4
1697,700,1344,1,3.81795105338096,5
1698,701,1344,1,1.734469383955,3
1699,816,1343,1,1.50624895095825,1
1700,1159,1344,1,7.11509436368943,7
1701,704,1344,1,2.45156615972519,3
1702,703,1344,1,1.44046747684479,1
1703,741,1344,1,3.93083336949348,4
1704,699,1344,1,4.16231107711792,6
1705,835,1343,1,0.962446630001068,1
1706,1161,1344,1,0.466508686542511,1
1707,852,1343,1,8.96476705744862,16
1708,710,1344,1,7.20691969990731,4
1709,1160,1344,1,2.49055016040802,2
1710,1171,1344,1,5.23235887289047,10
1711,1170,1344,1,2.19782903790474,5
1712,1158,1344,1,1.49871623516083,1
1713,694,1344,1,6.03069484233857,5
1714,973,1080,1,60.8225431144237,53
1715,727,1344,1,1.05644123256206,3
1716,1144,1344,1,0.288300722837448,1
1717,1892,1080,1,0.863327324390411,1
1718,1152,1344,1,2.52111059427261,3
1719,1153,1344,1,5.18242736160755,11
1720,907,1343,1,0.918704688549042,1
1721,1156,1344,1,1.10256636142731,1
1722,1154,1344,1,0.598553359508514,1
1723,1129,1344,1,2.11560569703579,6
1724,1155,1344,1,0.50220263004303,1
1725,1121,1344,1,1.31500595808029,2
1726,1888,1080,1,44.1326809376478,46
1727,1151,1344,1,2.54520006477833,7
1728,1145,1344,1,0.638624727725983,1
1729,1147,1344,1,0.427221357822418,1
1730,1136,1344,1,2.50705754756928,2
1731,1146,1344,1,0.475009948015213,1
1732,1135,1344,1,1.01362350583076,3
1733,921,1343,1,5.28107446432114,3
1734,1132,1344,1,2.55332678556443,2
1735,1139,1344,1,1.29562144726515,4
1736,714,1344,1,1.14879794418812,3
1737,1142,1344,1,0.283303499221802,1
1738,1157,1344,1,0.884712874889374,1
1739,1138,1344,1,1.53258711099625,2
1740,915,1343,1,5.13917350769043,2
1741,979,1080,1,0.717464625835419,1
1742,1140,1344,1,1.00481802225113,2
1743,1141,1344,1,0.379959493875504,1
1744,1143,1344,1,0.334515392780304,1
1745,975,1080,1,2.29016575217247,3
1746,1137,1344,1,0.639689683914185,2
1747,974,1080,1,1.20440632104874,2
1748,1134,1344,1,2.53458827733993,3
1749,1133,1344,1,9.28476400673389,12
1750,901,1343,1,7.60119587182999,9
1751,1148,1344,1,0.579799711704254,1
1752,1149,1344,1,0.843467950820923,1
1753,729,1344,1,1.89353036880493,2
1754,1118,1344,1,8.48041668534278,7
1755,731,1344,1,1.70654824376106,3
1756,1122,1344,1,0.965727791190148,3
1757,1119,1344,1,0.632077604532242,2
1758,1120,1344,1,3.66928815841675,3
1759,735,1344,1,0.498170971870422,1
1760,732,1344,1,1.82146841287613,7
1761,949,1080,1,7.98661532998085,8
1762,1131,1344,1,0.893059462308884,2
1763,1123,1344,1,5.90443921089172,13
1764,895,1343,1,8.69385117292404,5
1765,895,1345,1,2.97962346673012,3
1766,895,1345,0,0.1,0
1767,1125,1344,1,3.77935457229614,7
1768,1130,1344,1,2.59839443862439,5
1769,1126,1344,1,1.17872190475464,1
1770,1127,1344,1,0.554932057857513,1
1771,1124,1344,1,0.1,0
1772,1128,1344,1,1.17008194327354,3
1773,1165,1344,1,0.439028024673462,1
1774,1164,1344,1,3.12287905812263,5
1775,1162,1344,1,3.04863160848617,3
1776,1019,1080,1,1.80081415176392,3
1777,736,1080,1,3.97398853302002,1
1778,734,1344,1,1.41291236877441,2
1779,1890,1080,1,1.44448137283325,1
1780,1163,1344,1,2.05741333961487,2
1781,1889,1080,1,10.9109900444746,9
1782,1878,1080,1,40.257859185338,17
1783,1891,1080,1,6.56421861052513,12
1784,1180,1344,1,4.46626721322537,9
1785,963,1345,1,2.13616538047791,1
1786,737,1080,1,4.89458823204041,7
1787,962,1345,1,2.39592695236206,1
1788,1178,1344,1,3.87383371591568,5
1789,1179,1344,1,0.723326176404953,3
1790,978,1345,1,0.425047039985657,1
1791,978,1334,1,0.289930254220963,1
1792,977,1334,1,2.59746861457824,3
1793,742,1335,1,0.468782007694244,1
1794,744,1335,1,2.97944143414498,7
1795,1181,1335,1,0.494834512472153,1
1796,756,1335,1,1.69995906949043,3
1797,1172,1344,1,0.1,0
1798,1172,1335,0,0.1,0
1799,1174,1335,1,0.685182273387909,2
1800,1173,1335,1,1.42432153224945,3
1801,754,1335,1,2.04232746362686,2
1802,1238,1335,1,1.78096133470535,3
1803,1235,1335,1,1.41627025604248,2
1804,1236,1335,1,0.585371732711792,1
1805,1237,1335,1,1.89205542206764,3
1806,1176,1344,1,0.780689656734467,1
1807,1175,1335,1,1.04445254802704,1
1808,748,1335,1,1.49286323785782,3
1809,1177,1335,1,0.604923725128174,1
1810,987,1334,1,5.11889299750328,7
1811,749,1335,1,0.981233835220337,1
1812,1232,1335,1,6.19068682938814,7
1813,1268,1335,1,4.32678256183863,9
1814,1270,1335,1,0.659481704235077,1
1815,1269,1335,1,0.613722056150436,2
1816,1233,1335,1,1.38840425014496,1
1817,1267,1335,1,1.12189343571663,2
1818,1395,1080,1,180.483648788184,191
1819,1234,1335,1,1.94267985224724,2
1820,1182,1335,1,4.93369138240815,3
1821,1185,1335,1,1.49609684944153,1
1822,751,1335,1,4.05617702007294,9
1823,753,1335,1,0.741276055574417,2
1824,1186,1335,1,3.12642425298691,3
1825,1166,1334,1,2.2203805744648,4
1826,1184,1335,1,2.8792941570282,5
1827,755,1335,1,1.11552757024765,2
1828,1167,1334,1,5.14839568734169,6
1829,1168,1334,1,3.41197098791599,5
1830,1183,1335,1,2.86080962419509,2
1831,757,1335,1,3.67560967803001,4
1832,1189,1335,1,0.355175167322159,1
1833,1332,1334,1,4.7047316879034,8
1834,1188,1335,1,0.734113752841949,1
1835,1042,1335,1,3.33101338148117,2
1836,1333,1334,1,1.25029361248016,1
1837,1190,1335,1,0.757220387458801,1
1838,1039,1335,1,5.88357177376747,3
1839,1330,1334,1,3.51970206201076,5
1840,1331,1334,1,4.18527263402939,3
1841,1041,1335,1,1.12964227795601,2
1842,1187,1335,1,2.01418861746788,3
1843,1049,1080,1,3.02990126609802,1
1844,1037,1335,1,3.95098873972894,4
1845,1040,1335,1,1.93560227751732,4
1846,1335,1334,1,1.20320749282837,2
1847,1264,1335,1,10.1880049705505,10
1848,1265,1335,1,0.391797870397568,1
1849,1005,1335,1,9.4247389137745,7
1850,1043,1080,1,3.60114015638829,6
1851,1007,1335,1,1.05217850208282,3
1852,1056,1080,1,0.607972145080566,1
1853,1334,1334,1,17.4045236259699,18
1854,1001,1335,1,28.6322557777166,18
1855,1023,1080,1,5.30043852329254,2
1856,1033,1335,1,14.1361249201,21
1857,1046,1080,1,4.07345685362816,9
1858,1036,1335,1,5.99889346957207,8
1859,840,1083,1,1.59485438466072,3
1860,1009,1335,1,1.40408328175545,2
1861,846,1083,1,3.84843221306801,5
1862,1266,1335,1,3.28656379878521,8
1863,848,1083,1,1.24465507268906,2
1864,1050,1080,1,1.07201614975929,2
1865,1000,1335,1,6.53190124034882,4
1866,763,1335,1,2.01969990134239,2
1867,968,1335,1,18.0418813228607,23
1868,766,1335,1,3.13756980001927,7
1869,967,1335,1,30.5675534978509,17
1870,769,1335,1,2.19065923988819,4
1871,768,1335,1,2.54787969589233,1
1872,1031,1335,1,3.81362342834472,5
1873,1510,1334,1,1.71887502074242,5
1874,1004,1335,1,2.34839761257171,3
1875,1061,1080,1,0.516529321670532,1
1876,1021,1080,1,2.30824400484562,5
1877,1034,1335,1,7.01331186294556,7
1878,771,1334,1,10.7465201206505,23
1879,1013,1335,1,1.79884669184684,2
1880,1029,1080,1,3.70524188876152,5
1881,1035,1080,1,0.904263883829117,2
1882,833,1083,1,0.842072933912277,2
1883,772,1335,1,3.14708352088928,2
1884,1010,1335,1,1.72056764364243,3
1885,1038,1080,1,3.59631226956844,5
1886,1594,1334,1,3.31889879703522,6
1887,1595,1334,1,1.01855224370956,2
1888,829,1083,1,0.6915003657341,1
1889,773,1335,1,1.14632785320282,1
1890,1593,1334,1,8.23692202568055,6
1891,1059,1080,1,2.01484259963036,3
1892,1003,1335,1,4.72546324133873,3
1893,1011,1335,1,0.826858252286911,2
1894,1026,1080,1,2.62780696153641,4
1895,1476,1083,1,15.6873088181019,7
1896,862,1083,1,2.44425219297409,3
1897,1060,1080,1,0.408806830644608,1
1898,774,1080,1,1.50408017635346,2
1899,938,1335,1,104.759439140558,97
1900,1596,1334,1,0.1,0
1901,1069,1080,1,1.89599677920342,3
1902,1591,1334,1,5.86146759986877,6
1903,1070,1080,1,2.17179453372955,4
1904,1592,1334,1,3.57809744775296,5
1905,1006,1335,1,8.14623492956161,10
1906,1012,1335,1,1.01930451393127,1
1907,864,1083,1,7.26066383719444,11
1908,965,1335,1,26.1977096684277,33
1909,1025,1080,1,10.0852619111538,7
1910,1025,1083,1,8.3185201138258,9
1911,1025,1080,0,0.1,0
1912,1074,1080,1,2.06293252110481,3
1913,776,1335,1,8.12081011012197,11
1914,1071,1080,1,1.59667789936066,1
1915,971,1335,1,0.915625154972076,1
1916,1481,1083,1,10.731328368187,6
1917,1479,1083,1,2.42110896110535,5
1918,1072,1080,1,1.18885266780853,2
1919,1532,1083,1,5.19915443658829,8
1920,866,1083,1,2.31069481745362,5
1921,1507,1083,1,4.88741928339004,7
1922,1478,1083,1,7.24504821002484,8
1923,874,1083,1,0.836935043334961,1
1924,1032,1080,1,12.8610229790211,7
1925,870,1083,1,2.71652895212173,4
1926,972,1335,1,3.01866519451141,2
1927,781,1335,1,4.22479832172394,5
1928,805,1083,1,4.43454442918301,4
1929,767,1083,1,1.53857517242432,1
1930,779,1335,1,4.42974576354026,5
1931,782,1335,1,1.62643203139305,2
1932,896,1083,1,5.91772046685218,13
1933,904,1083,1,1.60461795330048,1
1934,1529,1083,1,3.59580254554748,4
1935,760,1083,1,0.598495066165924,1
1936,784,1335,1,1.4072300195694,1
1937,1530,1083,1,1.5754007101059,2
1938,910,1083,1,2.13442397117614,3
1939,788,1335,1,4.30032694339752,8
1940,966,1335,1,8.1537449657917,5
1941,786,1335,1,2.84275501966476,2
1942,937,1335,1,19.4223543703556,20
1943,790,1335,1,1.76661017537117,3
1944,791,1335,1,1.15115332603455,1
1945,1028,1083,1,2.96837116777897,4
1946,970,1335,1,18.6326576024294,14
1947,982,1335,1,3.69537135958672,3
1948,898,1083,1,1.07268276810646,2
1949,969,1335,1,3.37456968426705,2
1950,900,1083,1,0.697436392307281,1
1951,948,1335,1,0.1,0
1952,1539,1083,1,2.09455361962318,4
1953,941,1335,1,5.16050738096237,7
1954,1587,1083,1,7.66718801856041,9
1955,940,1335,1,6.30900862812996,3
1956,1063,1083,1,0.386876583099365,1
1957,1058,1083,1,3.96560569107532,7
1958,887,1083,1,1.37475317716598,3
1959,1526,1083,1,3.35834228992462,2
1960,976,1335,1,13.2037128806114,15
1961,989,1335,1,0.928281903266907,1
1962,1676,1334,1,0.558732688426971,1
1963,888,1083,1,1.77775406837463,3
1964,922,1083,1,5.29213598370552,4
1965,794,1335,1,1.01329717040062,2
1966,1706,1083,1,0.695361703634262,2
1967,1053,1083,1,1.62822037935257,3
1968,789,1083,1,1.72611969709396,4
1969,935,1335,1,14.6359660103917,19
1970,1600,1083,1,1.36244869232178,1
1971,1067,1083,1,0.959939241409302,1
1972,939,1335,1,14.9787128940225,14
1973,942,1335,1,3.32735246792436,12
1974,943,1335,1,12.1076146960258,14
1975,795,1335,1,7.21306000649929,7
1976,924,1083,1,0.73144817352295,2
1977,923,1083,1,1.21743166446686,2
1978,950,1335,1,15.9451456665993,13
1979,950,1331,1,5.88160753250122,1
1980,950,1331,1,5.96871587634086,5
1981,951,1335,1,0.856494337320328,2
1982,916,1083,1,7.10380159318448,10
1983,919,1083,1,0.973071277141571,1
1984,918,1083,1,1.2978800535202,1
1985,913,1083,1,1.54667034745216,4
1986,957,1331,1,7.11231924593449,5
1987,917,1083,1,0.858421981334686,1
1988,831,1335,1,4.0888347029686,2
1989,798,1335,1,1.38764363527298,3
1990,796,1335,1,2.87514859437943,5
1991,980,1331,1,6.05111110210419,8
1992,830,1335,1,1.58618345856667,3
1993,797,1335,1,2.97218912839889,2
1994,955,1331,1,3.89070156216622,4
1995,799,1335,1,1.95752698183059,3
1996,959,1331,1,9.33624652028083,5
1997,843,1335,1,1.14859203994274,3
1998,803,1335,1,6.11215239763259,9
1999,2380,1083,1,13.7918357700109,19
2000,1705,1354,1,15.505187317729,11
2001,814,1335,1,5.1723916232586,11
2002,802,1335,1,7.01585084199905,6
2003,2381,1083,1,3.99833607673645,2
2004,985,1331,1,0.651023030281067,1
2005,808,1335,1,2.43169808387756,2
2006,800,1335,1,0.661508202552795,1
2007,984,1331,1,1.48309248685837,2
2008,804,1335,1,4.1159890294075,5
2009,990,1331,1,2.13157805800438,2
2010,1916,1083,1,2.15959243476391,3
2011,1835,1354,1,0.353029578924179,1
2012,1604,1080,1,45.6716050207615,51
2013,1742,1080,1,38.3726854547858,50
2014,992,1331,1,4.89626443386078,4
2015,1918,1083,1,0.456559076905251,2
2016,1014,1331,1,1.66434898972511,3
2017,1922,1083,1,0.815468311309814,1
2018,1917,1083,1,1.65616619586945,1
2019,1015,1331,1,1.16369581222534,1
2020,1914,1083,1,11.9355608820915,11
2021,1923,1083,1,2.48327255249023,1
2022,1920,1083,1,3.06468772888184,1
2023,1921,1083,1,0.32462003827095,1
2024,1931,1083,1,2.05319398641587,2
2025,1919,1083,1,0.374838978052139,1
2026,1932,1083,1,10.6639762558043,13
2027,1852,1354,1,0.98599898815155,1
2028,1017,1331,1,3.55602735280991,4
2029,2007,1080,1,0.878905951976776,1
2030,1020,1331,1,2.92822781205177,4
2031,1018,1331,1,64.1677359342575,108
2032,1018,1341,0,0.1,0
2033,1018,1341,1,6.63595473766327,5
2034,1853,1354,1,0.48038238286972,1
2035,1854,1354,1,0.383562415838242,1
2036,2006,1080,1,37.8155535161495,18
2037,1915,1083,1,5.76005944609642,6
2038,1078,1331,1,1.42223733663559,2
2039,1938,1083,1,0.772104024887085,1
2040,1077,1331,1,3.26267582178115,3
2041,1937,1083,1,1.83370476961136,2
2042,806,1331,1,2.92213615775108,4
2043,1861,1354,1,2.21698784828186,1
2044,1076,1331,1,6.58743768930436,10
2045,1924,1083,1,5.75875020027161,2
2046,1862,1354,1,1.02194344997406,1
2047,1073,1331,1,2.67272654175758,4
2048,812,1083,1,1.89049685001373,3
2049,1925,1083,1,4.40001541376113,5
2050,1927,1083,1,2.49709710478783,6
2051,1075,1331,1,3.82789459824561,7
2052,1930,1083,1,1.67109836637974,4
2053,1928,1083,1,2.51801759004593,2
2054,1929,1083,1,1.11408969759941,3
2055,1091,1331,1,0.972992777824402,2
2056,811,1331,1,5.96717013418674,9
2057,1926,1083,1,7.74631867185235,12
2058,2406,1080,1,1.43640983104706,1
2059,813,1331,1,4.51283368468285,5
2060,815,1331,1,2.56880450248718,1
2061,1068,1331,1,2.05352401733398,5
2062,817,1331,1,3.32942450046539,6
2063,1064,1331,1,5.34867306053638,11
2064,818,1331,1,4.93071720004082,9
2065,819,1331,1,3.9624157436192,7
2066,1098,1331,1,0.925500094890594,1
2067,1094,1331,1,15.8908205591142,27
2068,1062,1341,1,20.390444137156,32
2069,1066,1341,1,3.90897560119629,1
2070,1934,1083,1,2.36035633087158,5
2071,1065,1341,1,4.65815836191177,3
2072,1045,1341,1,23.240413185209,43
2073,1047,1331,1,4.79531461000443,2
2074,1096,1331,1,1.72552987933158,3
2075,1933,1083,1,3.87490516901016,5
2076,1048,1341,1,1.44487816095352,3
2077,822,1341,1,1.05537999793887,6
2078,1095,1331,1,3.96852087974549,4
2079,1044,1331,1,1.46168732643127,1
2080,1097,1331,1,1.94444054365158,3
2081,823,1341,1,2.11849853396415,3
2082,1051,1331,1,1.40800632536411,4
2083,1100,1331,1,1.79607462882995,2
2084,1054,1331,1,1.62924098968506,1
2085,1052,1331,1,5.07480230927466,4
2086,824,1331,1,1.42021834850311,4
2087,1055,1331,1,1.95885252952576,1
2088,1090,1331,1,4.87041437625884,7
2089,825,1331,1,3.70045304298401,1
2090,1057,1331,1,1.67393606901169,3
2091,1111,1331,1,0.567249476909637,1
2092,1093,1331,1,0.823017299175262,3
2093,1082,1331,1,1.40922605991364,1
2094,1080,1341,1,2.76446747779846,1
2095,1092,1331,1,5.69699960947037,6
2096,1150,1331,1,2.40893477201462,2
2097,1079,1336,1,2.05517888069153,1
2098,1081,1341,1,1.88299894332886,1
2099,1935,1083,1,21.3675142526627,16
2100,1024,1336,1,1.87203192710876,1
2101,1022,1336,1,14.6062579602003,20
2102,1099,1336,1,1.6381231546402,1
2103,1936,1083,1,5.50471723079681,2
2104,1030,1336,1,0.848439395427704,1
2105,1088,1336,1,0.448462128639221,1
2106,1110,1331,1,1.08574819564819,1
2107,1086,1341,1,1.23378455638885,1
2108,1085,1341,1,0.318517714738846,1
2109,1859,1353,1,0.370649755001068,1
2110,1087,1341,1,1.31363153457642,1
2111,1855,1353,1,4.32687950134277,1
2112,1857,1353,1,0.30431741476059,1
2113,1856,1353,1,1.28520452976227,1
2114,2602,1080,1,3.59304749965667,3
2115,1027,1336,1,0.908791244029998,2
2116,1847,1353,1,0.1,0
2117,1941,1083,1,0.651092648506165,1
2118,2543,1080,1,4.93675029277802,2
2119,1851,1353,1,0.396335899829865,1
2120,1940,1083,1,1.57869800925255,2
2121,1939,1083,1,0.579687595367432,1
2122,1841,1353,1,9.66851288080216,11
2123,1109,1336,1,8.59615379571915,10
2124,1649,1353,0,0.1,0
2125,1649,1338,0,0.1,0
2126,1649,1353,1,1.22261738777161,2
2127,1649,1338,1,1.15405452251434,1
2128,2544,1080,1,0.840414106845856,1
2129,1849,1353,1,0.7918781042099,1
2130,2541,1080,1,1.07544505596161,1
2131,2542,1080,1,2.0586614459753,5
2132,1845,1353,1,0.87006139755249,1
2133,1844,1353,1,1.30348068475723,3
2134,2505,1080,1,9.09075507521629,14
2135,1602,1338,0,0.1,0
2136,1602,1350,0,0.1,0
2137,1602,1351,0,0.1,0
2138,1602,1351,0,0.1,0
2139,1602,1338,0,0.1,0
2140,1602,1351,0,0.1,0
2141,1602,1351,0,0.1,0
2142,1602,1351,0,0.1,0
2143,1602,1351,0,0.1,0
2144,1602,1338,1,0.579365670680999,3
2145,1602,1351,1,1.79933768510818,3
2146,1602,1351,0,0.1,0
2147,1846,1353,1,0.335249096155167,1
2148,1848,1353,1,0.433846294879913,1
2149,1840,1353,1,2.39125680923462,1
2150,1651,1338,1,1.08579409122467,1
2151,1114,1336,1,4.95648440718651,5
2152,1843,1353,1,0.835883796215057,1
2153,1645,1353,1,3.32772922515869,6
2154,1842,1353,1,15.373968064785,13
2155,1116,1336,1,15.1159761548042,15
2156,1646,1353,1,2.47180165350437,5
2157,1107,1336,1,2.9606596827507,3
2158,1607,1338,1,1.37377041578293,2
2159,1986,1083,1,1.36022233963013,1
2160,828,1336,1,4.47440825402736,6
2161,1117,1336,1,0.634135127067566,1
2162,1104,1336,1,3.62096437811852,5
2163,1102,1336,1,21.274991825223,26
2164,1115,1336,1,1.39234831929207,2
2165,1108,1336,1,1.51735267043114,2
2166,1605,1338,1,0.450842559337616,1
2167,1606,1351,1,1.76723074913025,1
2168,1610,1338,1,1.15446019172668,1
2169,1610,1351,1,0.412690371274948,1
2170,1343,1336,1,0.380236357450485,1
2171,1112,1336,1,3.12668985128403,5
2172,2506,1080,1,5.96570296585559,3
2173,1836,1353,1,1.54129654169083,2
2174,1601,1351,1,1.15584826469421,1
2175,2008,1083,1,1.40576857328415,2
2176,1113,1336,1,1.60534110665321,3
2177,1654,1353,1,0.738891243934631,2
2178,1653,1353,1,0.893708288669586,1
2179,1342,1336,1,1.22894525527954,1
2180,1340,1336,1,0.920598566532135,1
2181,1341,1336,1,1.44470059871674,1
2182,1105,1336,1,3.23682099580765,4
2183,1674,1353,1,6.30607554316521,4
2184,1838,1353,1,0.1,0
2185,1658,1353,1,0.756210491061211,3
2186,827,1353,1,1.26069355010986,1
2187,1518,1336,1,1.98276361823082,3
2188,1675,1353,1,0.652256846427917,1
2189,1652,1353,1,1.18016988039017,3
2190,1779,1353,1,7.15370519459247,8
2191,1655,1353,1,2.23724161088467,5
2192,1812,1353,1,2.27391624450684,1
2193,1656,1353,1,1.43929931521416,3
2194,1657,1353,1,1.19911623001099,1
2195,1837,1353,1,0.730822175741195,2
2196,1811,1353,1,4.58746552467346,9
2197,1599,1351,1,0.983264088630676,1
2198,1648,1353,1,0.985409379005432,2
2199,1101,1336,1,16.7343690991401,13
2200,1549,1336,1,1.08893156051636,2
2201,1548,1336,1,3.47960484027863,6
2202,2499,1080,1,5.50115215778351,11
2203,2130,1080,1,40.6053811311722,49
2204,1603,1351,1,0.752109244465828,2
2205,1528,1351,1,4.51297986507416,5
2206,1813,1353,1,0.665722548961639,1
2207,1552,1336,1,1.4127072095871,2
2208,1527,1351,1,7.02684891223908,16
2209,1544,1351,1,0.1,0
2210,1543,1351,1,0.582371115684509,1
2211,1103,1336,1,2.77842879295349,1
2212,1517,1351,1,1.14172378182411,2
2213,1956,1080,1,34.6823991164565,40
2214,1519,1351,1,0.477268069982529,1
2215,1545,1351,1,1.77917259931564,2
2216,1634,1353,1,2.87006765604019,2
2217,1639,1336,1,2.49957728385925,1
2218,1629,1336,1,5.83347941935062,6
2219,1637,1336,1,0.577227234840393,2
2220,1630,1336,1,4.05545070767402,2
2221,1638,1336,1,1.28864324092865,2
2222,1106,1336,1,18.5130032077432,19
2223,1640,1336,1,1.19025826454163,1
2224,1642,1336,1,0.305452167987823,1
2225,1670,1336,1,0.743813455104827,2
2226,1955,1080,1,16.314643099904,20
2227,1450,1351,1,2.54803875088692,5
2228,1633,1336,1,0.652806431055069,2
2229,1444,1351,1,1.58366179466248,1
2230,1451,1351,1,1.1744556427002,1
2231,2271,1083,1,1.40630987286568,4
2232,1425,1351,1,2.70382237434387,1
2233,1454,1351,1,0.762910544872284,1
2234,2272,1083,1,0.900655150413513,1
2235,1448,1351,1,1.45269280672073,2
2236,1445,1351,1,1.57976570725441,4
2237,1420,1351,1,1.67332923412323,2
2238,1447,1351,1,3.09139576554298,5
2239,1446,1351,1,1.49687477946281,2
2240,832,1351,1,2.84787800908089,6
2241,834,1080,1,6.68588945269585,5
2242,1625,1336,1,2.10081571340561,4
2243,2131,1080,1,2.1288281083107,4
2244,1624,1336,1,5.7269826978445,7
2245,1466,1351,1,1.24462294578552,1
2246,1627,1336,1,1.08782541751862,1
2247,2132,1080,1,0.651889622211456,3
2248,1452,1351,1,1.35178634524345,2
2249,1897,1080,1,3.58316314220429,4
2250,1958,1080,1,2.87320010364056,8
2251,1904,1080,1,1.17795884609222,1
2252,1957,1080,1,1.99934241175652,3
2253,2290,1083,1,0.804021835327148,2
2254,2291,1083,1,0.501126885414124,1
2255,1908,1080,1,0.677907064557075,2
2256,1907,1080,1,1.21963822841644,1
2257,1426,1351,1,1.30602180957794,3
2258,1427,1351,1,1.5192260146141,2
2259,1959,1080,1,1.91957107186318,3
2260,1905,1080,1,1.80132395029068,3
2261,1906,1080,1,1.87239402532578,2
2262,2350,1083,1,0.525593250989914,2
2263,1419,1351,1,1.33923950791359,3
2264,1896,1080,1,6.64966137707233,7
2265,1660,1336,1,0.80369359254837,1
2266,1960,1080,1,0.772402822971344,1
2267,1900,1080,1,11.0036953091621,6
2268,1903,1080,1,2.12122324109077,4
2269,1431,1351,0,0.1,0
2270,1431,1351,0,0.1,0
2271,1431,1332,1,2.88292479515076,3
2272,1433,1351,1,6.18888694047928,6
2273,1902,1080,1,8.88203570246697,8
2274,1659,1336,1,2.04516679048538,2
2275,1901,1080,1,4.21936023235322,3
2276,1440,1351,1,2.51182412356138,6
2277,1899,1080,1,2.50110363960266,1
2278,1898,1080,1,2.52923893928528,1
2279,1665,1336,1,0.944817185401917,2
2280,1664,1336,1,0.885463058948517,2
2281,1442,1351,1,0.466179966926575,1
2282,1663,1336,1,4.01361608505249,1
2283,1679,1336,1,2.36517295241356,5
2284,1666,1336,1,0.831072151660919,1
2285,1911,1080,1,7.84039182960988,14
2286,1912,1080,1,2.58372884988784,2
2287,1910,1080,1,2.48090416193009,2
2288,1667,1336,1,2.06460475921631,3
2289,1909,1080,1,3.62520629167557,4
2290,1913,1080,1,0.410453647375107,1
2291,1422,1332,1,13.2286761030555,21
2292,1893,1080,1,35.8735680393875,68
2293,1677,1336,1,4.87601161003113,5
2294,1473,1332,1,15.1146283596754,21
2295,1678,1336,1,0.986708402633667,2
2296,1496,1332,1,1.17159774899483,3
2297,1491,1332,1,1.54539942741394,1
2298,1487,1332,1,1.06363791227341,2
2299,1490,1332,1,1.01467376947403,2
2300,850,1336,1,1.6852593421936,1
2301,1680,1336,1,1.61381167173386,2
2302,1485,1332,1,1.99939262866974,3
2303,1516,1332,1,0.916016221046448,1
2304,1484,1332,1,1.30022615194321,2
2305,1489,1332,1,0.998547911643982,1
2306,1495,1332,1,0.7849240899086,1
2307,1493,1332,1,1.19426620006561,1
2308,1511,1332,1,2.37617099285125,2
2309,842,1336,1,0.80099880695343,1
2310,1488,1332,1,1.27792066335678,2
2311,1494,1332,1,0.548706114292145,1
2312,1477,1332,1,2.20860713720322,3
2313,1513,1332,1,0.689775884151459,1
2314,1474,1332,1,1.31030076742172,2
2315,1486,1332,1,0.930151864886283,2
2316,1693,1336,1,1.54232709109783,5
2317,1792,1336,1,0.3544562458992,1
2318,1475,1332,1,1.44276654720306,1
2319,1515,1332,1,0.306169301271439,1
2320,837,1080,1,10.8059477210045,16
2321,1469,1332,1,2.16523432731628,3
2322,1793,1336,1,1.08595323562622,1
2323,168,1080,1,2.21757981181144,2
2324,1785,1336,1,2.46017691493034,4
2325,1787,1336,1,0.848581373691559,1
2326,1850,1080,1,30.8550553321838,42
2327,1459,1332,1,1.03119313716888,1
2328,1718,1336,1,0.624273955821991,1
2329,838,1336,1,3.0623559653759,4
2330,1458,1332,1,4.12690275907517,6
2331,1788,1336,1,0.935840129852295,1
2332,1472,1332,1,0.477933585643768,1
2333,1512,1332,1,1.06580317020416,1
2334,1886,1083,1,0.843792349100113,2
2335,1461,1083,1,1.38747569918632,2
2336,1468,1332,1,0.370649755001068,1
2337,1514,1332,1,0.818522870540619,1
2338,1720,1336,1,0.884859204292298,2
2339,1796,1336,1,2.06199964880943,3
2340,1739,1080,1,64.7185821123421,117
2341,1719,1336,1,1.28488463163376,2
2342,1884,1080,1,3.75574612617493,2
2343,1717,1336,1,0.643055737018585,1
2344,1470,1332,1,3.06272912025452,1
2345,1716,1336,1,1.67239344120026,4
2346,1797,1336,1,1.94516718387604,1
2347,1736,1336,1,0.769126832485199,1
2348,1482,1332,1,4.23951435089112,4
2349,839,1332,1,1.16261684894562,1
2350,1740,1336,1,2.11727872490883,4
2351,1794,1336,1,3.6621487736702,3
2352,1721,1336,1,2.03231525421143,3
2353,269,1080,1,1.53018264472484,3
2354,1735,1336,1,2.28270676732064,4
2355,1480,1332,1,2.46071055531502,4
2356,1715,1336,1,1.80357241630555,2
2357,1737,1336,1,2.75804191827774,3
2358,1524,1332,1,0.1,0
2359,1453,1083,1,3.1491090208292,6
2360,1727,1336,1,4.77136904001236,3
2361,1738,1336,1,0.756712913513184,1
2362,133,1080,1,9.17809663712977,14
2363,1731,1336,1,2.09036892652511,2
2364,845,1080,1,11.825948368758,17
2365,1798,1336,1,2.1162052154541,1
2366,1462,1083,1,1.21234211325645,6
2367,841,1336,1,3.11653020232916,8
2368,1456,1083,1,6.51210001111031,8
2369,1887,1083,1,2.10220646858215,2
2370,1498,1083,1,0.365309968590737,2
2371,1457,1083,1,3.80975484848023,2
2372,1732,1336,1,1.95235075429082,8
2373,858,1080,1,4.9332125633955,4
2374,1497,1083,1,1.52962690591812,4
2375,1730,1336,1,0.970462083816528,1
2376,1460,1083,1,3.46807464957238,6
2377,179,1080,1,5.08056305348873,7
2378,125,1080,1,6.46782541275025,4
2379,1786,1336,1,3.34444478154182,3
2380,1728,1336,1,3.44200032949448,3
2381,1525,1332,1,0.549025058746338,1
2382,1492,1083,1,1.5306750535965,1
2383,1729,1336,1,1.76318277418613,3
2384,1463,1083,1,0.670820027589798,2
2385,1617,1083,1,1.2859297990799,1
2386,1790,1336,1,0.682409524917603,1
2387,1789,1336,1,1.16618123650551,2
2388,1733,1336,1,1.96883296966553,1
2389,1791,1336,1,2.32112821936607,2
2390,1619,1083,1,0.815219163894653,1
2391,1455,1083,1,11.1752415895462,7
2392,1613,1083,1,0.769393265247345,1
2393,1734,1336,1,1.17549222707748,2
2394,1768,1332,1,2.292484998703,2
2395,1722,1332,1,1.07069861888885,1
2396,991,1083,1,39.756416708231,53
2397,1725,1080,1,55.6437273621559,62
2398,1807,1332,1,1.18631434440613,1
2399,1612,1083,1,0.620358288288116,1
2400,1858,1083,1,1.7522449195385,3
2401,1860,1083,1,0.1,0
2402,1767,1332,1,1.13873121142387,2
2403,1623,1083,1,0.63884699344635,1
2404,1769,1332,1,0.1,0
2405,847,1080,1,4.33528734743595,6
2406,1568,1332,1,0.651172161102295,1
2407,849,1080,1,4.88823653757572,6
2408,1616,1083,1,1.04624845087528,3
2409,1760,1332,1,1.64047181606293,1
2410,1611,1083,1,1.3261581659317,1
2411,1615,1083,1,4.67112910747528,7
2412,115,1080,1,37.0037288665771,43
2413,1761,1332,1,0.507743656635284,1
2414,120,1080,1,8.23438219726086,11
2415,1701,1083,1,1.11042761802673,1
2416,1723,1332,1,3.04819107055664,1
2417,1560,1332,1,0.997538268566132,1
2418,988,1083,1,4.94982075691223,8
2419,1823,1083,1,0.537032067775726,1
2420,1833,1083,1,0.645883455872536,2
2421,1766,1332,1,1.11191433668137,2
2422,1863,1083,1,0.335560530424118,1
2423,1620,1332,1,0.480576872825623,2
2424,853,1332,1,1.13361406326294,1
2425,1563,1332,1,1.05515144765377,3
2426,286,1080,0,0.1,0
2427,286,1083,0,0.1,0
2428,286,1083,0,0.1,0
2429,286,1080,0,0.1,0
2430,286,1083,0,0.1,0
2431,286,1080,0,0.1,0
2432,286,1083,0,0.1,0
2433,286,1080,0,0.1,0
2434,286,1083,0,0.1,0
2435,286,1083,0,0.1,0
2436,286,1080,1,1.92886392772197,4
2437,1700,1083,1,0.811296463012695,1
2438,1698,1083,1,0.926605254411697,2
2439,1704,1083,1,1.38291084766388,1
2440,1726,1332,1,1.9314424097538,3
2441,1764,1332,1,0.942882865667343,2
2442,1806,1332,1,2.24517804384231,2
2443,1564,1332,1,0.1,0
2444,1827,1083,1,1.86422204971313,1
2445,1801,1332,1,1.02493846416473,1
2446,1829,1083,1,2.00604319572449,1
2447,1703,1083,1,3.20394670963287,3
2448,860,1332,1,0.525313913822174,1
2449,1765,1332,1,0.510452389717102,1
2450,1702,1083,1,2.83481955528259,1
2451,1800,1332,1,0.93960177898407,1
2452,141,1080,1,2.86389863491058,3
2453,836,1083,1,22.0744215548038,18
2454,262,1083,1,52.9417018592358,63
2455,1803,1332,1,1.8611273765564,1
2456,1562,1083,1,1.32198643684387,2
2457,1822,1083,1,2.82218766212463,4
2458,1618,1332,1,1.00559093058109,3
2459,999,1083,1,24.427799731493,22
2460,1799,1332,1,2.03227591514587,1
2461,1724,1332,1,0.463074862957001,1
2462,1681,1080,1,110.63582579419,112
2463,302,1080,1,1.19941893219948,2
2464,1802,1332,1,1.62701681256294,2
2465,1744,1332,1,0.700458288192749,1
2466,986,1083,1,9.99329417571425,11
2467,1621,1332,1,0.361216306686401,1
2468,1644,1332,1,0.1,0
2469,1614,1332,1,3.13480839133263,5
2470,855,1332,1,2.67002415657043,1
2471,1805,1332,1,0.921244889497757,2
2472,1804,1332,1,1.0269216299057,1
2473,859,1332,1,0.929521977901459,1
2474,1808,1332,1,1.40435911715031,4
2475,277,1080,1,1.17991726100445,3
2476,292,1083,1,1.04687798023224,2
2477,1756,1332,1,0.1,0
2478,301,1083,1,4.70491395890712,4
2479,1755,1332,1,1.40730428695679,1
2480,307,1080,1,1.78411161899567,3
2481,1671,1332,1,2.15646311640739,4
2482,1747,1332,1,0.547629058361053,1
2483,1672,1332,1,3.07959464192391,2
2484,1748,1332,1,0.504787147045135,1
2485,1749,1332,1,1.58997488021851,1
2486,1754,1332,1,0.456474483013153,1
2487,1673,1332,1,0.721374988555908,2
2488,1002,1083,1,1.21984085440636,2
2489,1753,1332,1,1.44892179965973,1
2490,1750,1332,1,0.907152831554413,1
2491,1688,1332,1,0.655766606330872,2
2492,1016,1083,1,0.443598330020905,1
2493,1084,1083,1,1.38707804679871,1
2494,1636,1080,1,34.3863969892263,42
2495,1686,1332,1,0.1,0
2496,1641,1080,1,17.722257360816,9
2497,1746,1332,1,0.358823299407959,1
2498,1712,1332,1,1.58312618732452,1
2499,1699,1332,1,0.30716398358345,1
2500,1707,1332,1,0.798401832580566,2
2501,1668,1080,1,2.80935412645339,3
2502,1775,1332,1,0.977953791618347,1
2503,1083,1083,1,1.70972603559494,2
2504,1714,1332,1,0.370649755001068,1
2505,1669,1080,1,1.28354394435883,2
2506,1711,1332,1,2.07247066497803,1
2507,1696,1332,1,0.476645052433014,1
2508,1708,1332,1,0.71727192401886,1
2509,1710,1332,1,1.11041045188904,1
2510,1777,1332,1,0.941904783248901,1
2511,1758,1332,1,0.474678456783295,1
2512,1709,1332,1,0.846088528633118,1
2513,1643,1080,1,10.1869604587555,7
2514,1776,1332,1,0.564691662788391,1
2515,1778,1332,1,0.354930430650711,1
2516,1662,1080,1,1.74699926376343,1
2517,1691,1080,1,13.6065509617329,14
2518,266,1080,1,0.919434949755668,3
2519,1697,1080,1,0.567822217941284,1
2520,1682,1080,1,7.0328525453806,7
2521,1687,1080,1,22.3576870858669,29
2522,820,1083,1,7.19709111750126,9
2523,867,1332,1,1.12059140205383,1
2524,1683,1080,1,7.77222493290901,6
2525,1782,1332,1,0.829935431480408,2
2526,1781,1332,1,0.893868178129197,2
2527,1694,1080,1,0.83817332983017,1
2528,1647,1080,1,36.8467656709254,48
2529,1692,1080,1,4.34046536684036,4
2530,1784,1332,1,0.911459535360336,2
2531,869,1332,1,0.840480864048004,2
2532,905,1080,1,35.0077229440212,33
2533,1695,1080,1,1.13751459121704,1
2534,687,1080,1,56.3725255057216,68
2535,738,1083,1,5.18152201548219,11
2536,868,1080,1,5.84373146295548,12
2537,1661,1080,1,63.0084036588669,84
2538,1650,1080,1,2.11729443073273,2
2539,873,1080,1,7.51399345695972,12
2540,911,1080,1,1.5837584733963,1
2541,717,1083,1,4.81612905859948,5
2542,871,1080,1,3.74968116730451,9
2543,872,1080,1,2.18583218753338,6
2544,761,1083,1,3.49372135102749,3
2545,740,1083,1,1.26112571358681,2
2546,1885,1080,1,0.42721489071846,1
2547,764,1083,1,1.54488575458527,1
2548,759,1083,1,0.995821237564087,1
2549,1814,1080,1,18.556641869247,16
2550,1880,1080,1,0.785682320594788,1
2551,1762,1080,1,2.23039507865906,4
2552,1763,1080,1,2.26491570472717,1
2553,1871,1080,1,1.71293860673904,2
2554,875,1080,1,2.30605271458626,4
2555,792,1080,1,3.39646503329277,5
2556,793,1080,1,1.00283315777779,3
2557,1816,1080,1,0.743568181991577,1
2558,1008,1080,1,0.917829394340515,1
2559,1743,1080,1,3.62635600566864,2
2560,745,1080,1,6.81135594844818,5
2561,724,1080,1,0.491541028022766,1
2562,750,1080,1,0.712965309619904,1
2563,730,1080,1,1.09956651926041,2
2564,1089,1080,1,1.85021516680718,4
2565,1631,1080,1,1.51948156952858,2
2566,1632,1080,1,3.31140996143221,11
2567,1398,1080,1,6.06293824315072,5
2568,1397,1080,1,7.9439782500267,3
2569,1396,1080,1,9.86149334907531,14
2570,1522,1080,1,47.2909898757935,16
2571,1399,1080,1,7.36452740430833,8
2572,1541,1080,1,1.47279423475266,3
2573,1406,1080,1,6.13247981667518,10
2574,1410,1080,1,1.16750526428223,1
2575,1400,1080,1,3.1891975402832,5
2576,1404,1080,1,1.88202238082886,1
2577,1464,1080,1,1.33766686916351,3
2578,1881,1080,1,154.525598749518,204
2579,1879,1080,1,14.2024351358414,6
2580,2700,1080,1,0.652740359306335,1
2581,2696,1080,1,6.23189878463745,6
2582,2698,1080,1,0.891730844974518,2
2583,2699,1080,1,0.996141314506531,1
2584,2695,1080,1,1.99768313765526,3
2585,2694,1080,1,0.896350860595703,1
2586,2693,1080,1,0.432450473308563,1
2587,2697,1080,1,1.51858937740326,1
2588,2510,1080,1,14.6341393664479,19
2589,1597,1080,1,14.3435400873423,13
2590,2701,1080,1,3.47099539637565,3
2591,2516,1080,1,1.24628889560699,1
2592,2517,1080,1,2.006421148777,3
2593,1821,1080,1,4.55987155437469,3
2594,2511,1080,1,6.43616563081742,10
2595,2509,1080,1,5.98728203773498,13
2596,1561,1080,1,3.25988668203354,2
2597,2512,1080,1,0.581171631813049,1
2598,1542,1080,1,1.64719820022583,1
2599,2513,1080,1,1.4597082734108,4
2600,1609,1080,1,3.96289044618607,3
2601,876,1080,1,2.65658330917358,4
2602,1598,1080,1,1.25770854949951,1
2603,894,1080,1,28.5104123353958,38
2604,1780,1080,1,0.970392413437366,4
2605,2715,1080,1,1.45192240178585,4
2606,2514,1080,1,3.88837148249149,8
2607,877,1080,1,1.85540413856506,1
2608,2515,1080,1,1.6480405330658,2
2609,2508,1080,1,14.9562613666058,19
2610,1872,1080,1,2.3715450167656,3
2611,878,1080,1,2.0786462277174,8
2612,1882,1080,1,0.877809286117554,1
2613,2518,1080,1,3.58613955974579,6
2614,2714,1080,1,6.3271163702011,11
2615,1608,1080,1,1.43778228759766,2
2616,2713,1080,1,33.4375687800348,71
2617,1819,1080,1,2.02739930152893,1
2618,2692,1080,1,3.4519274532795,5
2619,879,1080,1,1.82135836035013,6
2620,892,1080,1,2.27340814471245,2
2621,908,1080,1,0.551454067230225,1
2622,884,1080,1,4.01155555248261,2
2623,881,1080,1,1.10322833061218,2
2624,2603,1080,1,0.966263771057129,1
2625,902,1080,1,0.868787437677384,2
2626,886,1080,1,3.38365726172924,6
2627,893,1080,1,0.1,0
2628,2703,1080,1,3.4685318171978,4
2629,903,1080,1,0.363855749368668,1
2630,2707,1080,1,6.19060182571411,9
2631,2610,1080,1,0.684935688972473,1
2632,889,1080,1,0.363892078399658,1
2633,880,1080,1,1.52780425548553,1
2634,2613,1080,1,0.753916621208191,2
2635,899,1080,1,2.89727291464806,4
2636,891,1080,1,0.645702272653579,3
2637,909,1080,1,4.65712159872055,4
2638,890,1080,1,1.01261842250824,1
2639,2704,1080,1,3.40473252534866,6
2640,2523,1080,1,11.1574877351522,15
2641,2661,1080,1,18.1781484037638,18
2642,2702,1080,1,1.59685823321343,4
2643,883,1080,1,1.77907022461295,7
2644,2709,1080,1,0.520331203937531,1
2645,2708,1080,1,1.84888387098908,5
2646,2705,1080,1,0.570859253406525,1
2647,912,1080,1,4.74167151749135,5
2648,2616,1080,1,0.814543962478638,1
2649,2706,1080,1,1.43610291182995,2
2650,897,1080,1,5.33449193835259,7
2651,885,1080,1,1.30912660062313,3
2652,2711,1080,1,1.77943174540997,3
2653,882,1080,1,2.02537250518799,1
2654,2617,1080,1,1.60069265961647,3
2655,2710,1080,1,1.76005748659372,6
2656,2618,1080,1,2.14349126815796,1
2657,2712,1080,1,8.12726166844368,9
2658,2638,1080,1,23.2323592379689,15
2659,2547,1080,1,0.895932167768479,3
2660,2524,1080,1,0.477982640266418,1
2661,2526,1080,1,4.56598800420761,4
2662,2660,1080,1,1.55468817055225,4
2663,2525,1080,1,2.08124756813049,1
2664,2527,1080,1,1.80201995372772,3
2665,2522,1080,1,6.01390570402145,6
2666,2643,1080,1,0.923165321350098,1
2667,1757,1080,1,0.336116015911102,1
2668,1745,1080,1,0.880468606948853,1
2669,1752,1080,1,0.1,0
2670,2534,1080,1,2.9051664173603,3
2671,2533,1080,1,2.33358693122864,3
2672,1713,1080,1,1.15311300754547,1
2673,1751,1080,1,0.277987331151962,1
2674,2535,1080,1,1.10272735357285,2
2675,1774,1080,1,0.398208647966385,1
2676,2536,1080,1,0.588906288146973,1
2677,2537,1080,1,0.608795702457428,1
2678,1772,1080,1,1.36437326669693,4
2679,1759,1080,1,0.1,0
2680,2322,1080,1,4.90843272209168,5
2681,2327,1080,1,0.386720150709152,1
2682,1783,1080,1,0.1,0
2683,2323,1080,1,0.802196681499481,1
2684,2325,1080,1,1.47315537929535,1
2685,2600,1080,1,1.04241508245468,3
2686,2321,1080,1,3.53547134995461,4
2687,2324,1080,1,1.5238770544529,3
2688,2320,1080,1,1.31404960155487,2
2689,2326,1080,1,1.36428746581078,4
2690,2601,1080,1,1.40161550045013,1
2691,2328,1080,1,1.1682471036911,2
2692,2329,1080,1,0.771343380212784,2
2693,2596,1080,1,0.79260116815567,1
2694,2316,1080,1,1.61645925045013,1
2695,2538,1080,1,0.54808247089386,1
2696,2597,1080,1,0.833638310432434,2
2697,2317,1080,1,1.54395237565041,3
2698,2313,1080,1,0.520783126354218,1
2699,2318,1080,1,1.04271268844604,2
2700,2314,1080,1,1.44541324675083,4
2701,2315,1080,1,0.973941266536713,1
2702,2311,1080,1,1.75220289826393,3
2703,2305,1080,1,0.534444630146027,1
2704,2351,1080,1,0.554073214530945,2
2705,2319,1080,1,0.419800758361816,2
2706,2312,1080,1,1.2481637597084,2
2707,2353,1080,1,1.51387310028076,1
2708,2331,1080,1,0.70988517999649,1
2709,2360,1080,1,1.39798986911774,1
2710,2333,1080,1,0.325661927461624,1
2711,2330,1080,1,2.71381485462188,2
2712,2362,1080,1,1.42991283535957,3
2713,2364,1080,1,1.29720199108124,2
2714,2361,1080,1,0.675444811582565,2
2715,2352,1080,1,1.1948846578598,1
2716,2334,1080,1,0.41376930475235,1
2717,2303,1080,1,1.61815798282623,3
2718,2308,1080,1,0.1,0
2719,2539,1080,1,0.1,0
2720,2332,1080,1,0.716957271099091,1
2721,2540,1080,1,1.14666211605072,2
2722,2355,1080,1,0.1,0
2723,2363,1080,1,0.418027758598328,1
2724,1795,1080,1,0.711231887340546,1
2725,2370,1080,1,0.270274251699448,1
2726,2354,1080,1,0.77333015203476,1
2727,2306,1080,1,0.1,0
2728,2373,1080,1,0.20035345852375,1
2729,2599,1080,1,4.00902795791626,1
2730,2304,1080,1,0.818504095077515,1
2731,2372,1080,1,0.1,0
2732,2443,1080,1,0.1,0
2733,2374,1080,1,0.375350087881088,1
2734,2441,1080,1,0.277987331151962,1
2735,2371,1080,1,1.60488757491112,3
2736,2337,1080,1,0.284232825040817,1
2737,2446,1080,1,0.355598747730255,2
2738,2307,1080,1,0.336270332336426,1
2739,2598,1080,1,1.22783106565476,2
2740,2440,1080,1,0.617668390274048,1
2741,2339,1080,1,0.1,0
2742,2442,1080,1,0.439963608980179,1
2743,2439,1080,1,0.624861121177673,1
2744,2444,1080,1,0.1,0
2745,2338,1080,1,0.442848175764084,1
2746,2445,1080,1,0.388083428144455,1
2747,1866,1080,1,1.08562558889389,2
2748,2340,1080,1,0.406450212001801,1
2749,2348,1080,1,0.1,0
2750,1876,1080,1,0.56931608915329,1
2751,2336,1080,1,0.365863353013992,1
2752,2346,1080,1,0.463312208652496,1
2753,2347,1080,1,0.284253358840942,1
2754,2344,1080,1,1.25303399562836,1
2755,2345,1080,1,0.401641011238098,1
2756,2001,1080,1,4.9005758613348,5
2757,2002,1080,1,2.40312573313713,4
2758,2358,1080,1,0.1,0
2759,2359,1080,1,0.498111665248871,1
2760,2356,1080,1,0.385322064161301,1
2761,2013,1080,1,0.789237439632416,1
2762,2357,1080,1,0.1,0
2763,2018,1080,1,1.22508451342583,3
